ranking_risco_meta,id_municipio,id_municipio_nome,sigla_uf,alunos,historico_2023,meta_2024,taxa_prevista_2024,gap_previsto,alerta_nao_atingir,taxa_observada_2024,gap_observado,nao_atingiu_observado,probabilidade_media_risco
1,4313805,Palmitinho,RS,89,74.978424,80.0,55.29697259472912,24.70302740527088,True,71.91011235955057,8.089887640449433,True,0.4470302740527088
2,4310108,Igrejinha,RS,375,78.173096,80.0,55.35184155690068,24.64815844309932,True,47.73333333333333,32.26666666666667,True,0.4464815844309931
3,4312252,Minas do Leão,RS,85,66.47647,74.31,51.913648341987475,22.396351658012527,True,56.470588235294116,17.839411764705886,True,0.4808635165801252
4,4314068,Passa Sete,RS,16,85.26,80.0,58.10080547870393,21.899194521296067,True,75.0,5.0,True,0.4189919452129607
5,4306973,Erebango,RS,29,71.818275,74.36,52.83254058340001,21.52745941659999,True,44.827586206896555,29.532413793103444,True,0.4716745941659999
6,4321667,Três Cachoeiras,RS,114,85.80061,80.0,58.53796742614892,21.462032573851083,True,53.50877192982456,26.49122807017544,True,0.4146203257385108
7,4322533,Vale do Sol,RS,46,78.22587,80.0,58.57163752957586,21.42836247042414,True,56.52173913043478,23.47826086956522,True,0.4142836247042414
8,4320321,Senador Salgado Filho,RS,24,83.97,80.0,58.5937227087343,21.406277291265702,True,50.0,30.0,True,0.4140627729126571
9,4314464,Pinhal da Serra,RS,17,74.14,75.04,53.89202226078205,21.147977739217957,True,35.29411764705882,39.74588235294119,True,0.4610797773921795
10,4315008,Porto Lucena,RS,32,74.372505,78.78,57.63658576727941,21.143414232720588,True,84.375,-5.594999999999999,False,0.4236341423272059
11,4322608,Venâncio Aires,RS,487,76.28012,78.41,57.684764162457945,20.72523583754205,True,61.19096509240246,17.21903490759754,True,0.4231523583754205
12,4316600,Sananduva,RS,160,73.88244,75.28,55.09551057372457,20.184489426275434,True,53.75,21.53,True,0.4490448942627543
13,4320230,Sede Nova,RS,18,85.29,80.0,60.12317883409193,19.87682116590807,True,38.88888888888889,41.11111111111111,True,0.3987682116590807
14,4304697,Capitão,RS,33,87.05,80.0,60.16522432629296,19.834775673707043,True,57.57575757575758,22.424242424242422,True,0.3983477567370704
15,4300901,Aratiba,RS,60,81.86067,80.0,60.32702385440002,19.672976145599982,True,40.0,40.0,True,0.3967297614559999
16,4316451,Salto do Jacuí,RS,75,84.42986,80.0,60.552057769031144,19.447942230968856,True,58.666666666666664,21.333333333333336,True,0.3944794223096886
17,4310462,Ipiranga do Sul,RS,18,82.35,80.0,60.5816937434888,19.4183062565112,True,44.44444444444444,35.55555555555556,True,0.394183062565112
18,4302402,Bom Retiro do Sul,RS,131,80.09046,78.46,59.23588060469632,19.224119395303674,True,64.8854961832061,13.574503816793893,True,0.4076411939530366
19,4322509,Vacaria,RS,716,70.49373,68.24,49.07163029825525,19.168369701744744,True,41.89944134078212,26.340558659217876,True,0.5092836970174475
20,4302352,Bom Princípio,RS,171,74.28702,74.68,55.736864546445034,18.943135453554973,True,50.29239766081871,24.3876023391813,True,0.4426313545355497
21,4321469,Tio Hugo,RS,33,87.5,80.0,61.092211527131305,18.907788472868695,True,69.6969696969697,10.303030303030297,True,0.389077884728687
22,4316105,Ronda Alta,RS,77,77.06909,76.01,57.5656846178852,18.4443153821148,True,53.246753246753244,22.76324675324676,True,0.424343153821148
23,4321857,Três Palmeiras,RS,70,80.44057,80.0,61.56576029480193,18.434239705198067,True,64.28571428571429,15.714285714285708,True,0.3843423970519807
24,4305900,Coronel Bicaco,RS,77,88.60052,79.32,60.97211028264121,18.347889717358782,True,44.15584415584415,35.16415584415584,True,0.3902788971735878
25,4322707,Vera Cruz,RS,202,70.43118,68.66,50.76617324178311,17.89382675821689,True,45.54455445544554,23.115445544554454,True,0.4923382675821688
26,4304655,Capão do Cipó,RS,21,88.68,80.0,62.19381172434545,17.80618827565455,True,71.42857142857143,8.57142857142857,True,0.3780618827565455
27,4318481,São José do Hortêncio,RS,32,78.76,78.94,61.24861835066395,17.691381649336044,True,43.75,35.19,True,0.3875138164933605
28,4317558,Santo Antônio do Palma,RS,26,72.22,73.44,56.18621450954711,17.253785490452884,True,34.615384615384606,38.82461538461539,True,0.4381378549045288
29,4316758,Santa Clara do Sul,RS,79,90.94329,80.0,63.11831336228496,16.881686637715042,True,46.83544303797468,33.16455696202532,True,0.3688168663771504
30,4314035,Pareci Novo,RS,48,73.01,74.1,57.40743291108965,16.692567088910344,True,54.166666666666664,19.93333333333333,True,0.4259256708891035
31,4316204,Rondinha,RS,32,87.52,80.0,63.49086477002405,16.509135229975954,True,75.0,5.0,True,0.3650913522997595
32,4317301,Santa Vitória do Palmar,RS,253,53.616955,59.99,43.64201507655234,16.34798492344766,True,46.24505928853755,13.744940711462455,True,0.5635798492344766
33,4321105,Tapes,RS,132,60.131744,62.139996,46.11269752969633,16.02729847030367,True,52.27272727272727,9.867268727272723,True,0.5388730247030367
34,4314050,Parobé,RS,628,58.054935,61.509995,46.02865278841007,15.481342211589933,True,37.89808917197452,23.611905828025485,True,0.5397134721158993
35,4312757,Nova Alvorada,RS,34,93.82353,80.0,64.52007268370218,15.479927316297818,True,64.70588235294117,15.294117647058826,True,0.3547992731629782
36,4320263,Segredo,RS,51,77.534904,75.76,60.31350849975159,15.446491500248413,True,76.47058823529412,-0.7105882352941109,False,0.3968649150024841
37,4314159,Paverama,RS,60,68.923,66.28,51.08596802483716,15.194031975162844,True,46.666666666666664,19.613333333333337,True,0.4891403197516284
38,4321352,Tavares,RS,39,60.3,68.03,53.0098316761324,15.020168323867601,True,30.76923076923077,37.26076923076923,True,0.469901683238676
39,4304705,Carazinho,RS,547,69.376976,66.52,52.049745359034496,14.4702546409655,True,46.617915904936005,19.90208409506399,True,0.479502546409655
40,4315313,Quatro Irmãos,RS,15,52.94,57.42,43.01265594290102,14.407344057098982,True,40.0,17.42,True,0.5698734405709897
41,2909505,Cravolândia,BA,55,57.33,61.09,46.73109405924798,14.358905940752024,True,34.54545454545454,26.544545454545464,True,0.5326890594075202
42,4320503,Sertão,RS,28,59.81,63.15,49.244747677501486,13.905252322498512,True,46.42857142857143,16.721428571428568,True,0.5075525232249851
43,4306502,Dom Feliciano,RS,105,65.35057,63.01,49.21765563060076,13.792344369399238,True,44.76190476190476,18.24809523809524,True,0.5078234436939923
44,4315354,Quinze de Novembro,RS,40,74.3565,70.67,57.0208496151374,13.649150384862601,True,90.0,-19.33,False,0.429791503848626
45,4316709,Santa Bárbara do Sul,RS,84,67.13857,68.31,54.805197513230944,13.504802486769059,True,42.85714285714285,25.452857142857155,True,0.4519480248676906
46,4311239,Lagoa Bonita do Sul,RS,11,70.83,72.28,59.68496728823516,12.595032711764844,True,54.54545454545454,17.73454545454546,True,0.4031503271176484
47,2509057,Marcação,PB,129,59.114418,70.7,58.16528897731846,12.534711022681542,True,21.70542635658914,48.99457364341086,True,0.4183471102268153
48,4303004,Cachoeira do Sul,RS,506,59.27227,61.21,48.86005350368569,12.34994649631431,True,40.316205533596836,20.893794466403165,True,0.511399464963143
49,4304606,Canoas,RS,2553,54.45449,57.6,45.44816660188252,12.151833398117482,True,44.02663533098315,13.573364669016854,True,0.5455183339811749
50,2109403,Primeira Cruz,MA,89,75.54,76.22,64.0825970348245,12.137402965175497,True,69.66292134831461,6.557078651685387,True,0.359174029651755
51,4314456,Pinhal,RS,24,56.45,60.36,48.39817673162739,11.961823268372612,True,33.33333333333333,27.02666666666667,True,0.5160182326837262
52,2414803,Vera Cruz,RN,132,58.73,62.259995,50.58795532376019,11.672039676239812,True,44.69696969696969,17.563025303030315,True,0.4941204467623981
53,2902500,Baianópolis,BA,142,39.85,46.14,34.64943408249897,11.49056591750103,True,35.91549295774648,10.22450704225352,True,0.6535056591750102
54,4311304,Lagoa Vermelha,RS,266,65.93583,64.16,52.723459027109,11.436540972890995,True,52.255639097744364,11.904360902255632,True,0.47276540972891
55,4312500,Mostardas,RS,130,49.19123,56.1,45.06060718757191,11.03939281242809,True,40.76923076923077,15.330769230769235,True,0.5493939281242809
56,2100204,Alcântara,MA,110,73.46,74.47,63.81798704944298,10.652012950557015,True,70.9090909090909,3.5609090909090924,True,0.3618201295055702
57,2921203,Miguel Calmon,BA,184,47.8,53.06,42.43831495380464,10.62168504619536,True,36.95652173913043,16.103478260869572,True,0.5756168504619537
58,2933406,Wagner,BA,100,53.42,57.82,47.279204118731435,10.540795881268565,True,45.0,12.82,True,0.5272079588126856
59,2904050,Bonito,BA,150,40.18,46.43,35.927780922317446,10.502219077682554,True,34.0,12.43,True,0.6407221907768255
60,4307005,Erechim,RS,929,66.13221,64.31,53.82409833790166,10.485901662098343,True,46.82454251883746,17.48545748116254,True,0.4617590166209834
61,2927309,Salinas da Margarida,BA,201,47.81,53.07,42.592181495230705,10.477818504769296,True,45.77114427860697,7.298855721393032,True,0.5740781850476929
62,2406304,Lagoa de Pedras,RN,49,47.72,52.99,42.711851100344525,10.278148899655477,True,30.61224489795918,22.377755102040823,True,0.5728814889965548
63,2904407,Brejolândia,BA,94,41.09,47.23,36.99418001753533,10.235819982464669,True,40.42553191489361,6.804468085106386,True,0.6300581998246467
64,4312104,Mata,RS,22,82.78,67.91,57.68547288913196,10.224527110868038,True,50.0,17.909999999999997,True,0.4231452711086803
65,2409506,Pedra Grande,RN,40,45.48,51.07,41.04111872134028,10.028881278659718,True,45.0,6.07,True,0.5895888127865971
66,2913002,Ibitiara,BA,91,62.17,65.11,55.1081313392469,10.001868660753097,True,37.36263736263736,27.74736263736264,True,0.448918686607531
67,2905008,Caculé,BA,196,51.82,56.48,46.706227871673164,9.773772128326833,True,47.95918367346938,8.520816326530614,True,0.5329377212832684
68,2903953,Bom Jesus da Serra,BA,90,41.85,47.9,38.32790182102624,9.57209817897376,True,24.44444444444444,23.45555555555556,True,0.6167209817897376
69,2904209,Botuporã,BA,57,62.08,65.03,55.54767610954598,9.482323890454019,True,47.36842105263157,17.661578947368433,True,0.4445232389045401
70,2901007,Amargosa,BA,249,51.07,55.84,46.44494424935848,9.395055750641525,True,51.00401606425703,4.8359839357429735,True,0.5355505575064152
71,2402402,Carnaúba dos Dantas,RN,58,65.52,67.88,58.63342099702742,9.246579002972574,True,29.3103448275862,38.569655172413796,True,0.4136657900297258
72,2916906,Itiruçu,BA,60,32.86,39.79,30.554909264472307,9.235090735527692,True,30.0,9.79,True,0.6944509073552769
73,1506187,Rondon do Pará,PA,376,60.17,63.450005,54.487058585488754,8.962946414511244,True,69.9468085106383,-6.496803510638308,False,0.4551294141451124
74,1502152,Canaã dos Carajás,PA,1402,62.1,65.05,56.25620751540312,8.793792484596878,True,65.33523537803138,-0.28523537803138765,False,0.4374379248459687
75,2920601,Maragogipe,BA,167,47.43,52.74,43.947183345235615,8.792816654764387,True,54.49101796407185,-1.751017964071849,False,0.5605281665476438
76,2206803,Nossa Senhora dos Remédios,PI,158,64.19,66.78,58.07140672627551,8.708593273724489,True,45.56962025316455,21.21037974683545,True,0.4192859327372449
77,1304237,Tonantins,AM,296,45.93,51.45,42.817943196788924,8.632056803211078,True,30.4054054054054,21.044594594594603,True,0.5718205680321108
78,2109700,Sambaíba,MA,67,85.92,80.0,71.41230498689848,8.587695013101524,True,77.61194029850746,2.388059701492537,True,0.2858769501310152
79,2907558,Caturama,BA,59,46.92,52.31,43.83827259768676,8.471727402313242,True,50.847457627118644,1.4625423728813587,True,0.5616172740231323
80,2902401,Aurelino Leal,BA,122,42.65,48.61,40.15172471234137,8.45827528765863,True,33.60655737704918,15.003442622950821,True,0.5984827528765864
81,1506559,Santa Luzia do Pará,PA,158,56.450005,60.36,51.92332158139573,8.436678418604266,True,40.50632911392405,19.853670886075946,True,0.4807667841860427
82,2911303,Gentio do Ouro,BA,81,45.07,50.709995,42.28138995560931,8.428605044390686,True,54.32098765432099,-3.610992654320988,False,0.577186100443907
83,2912806,Ibirapuã,BA,148,60.48,63.71,55.294860019425954,8.415139980574047,True,37.83783783783784,25.872162162162162,True,0.4470513998057405
84,4216800,São José do Cerrito,SC,74,69.39,77.0,68.73247738268535,8.267522617314654,True,59.45945945945946,17.54054054054054,True,0.3126752261731466
85,2414902,Viçosa,RN,21,58.93,62.42,54.22786182315756,8.192138176842441,True,61.904761904761905,0.5152380952380966,True,0.4577213817684243
86,1300201,Atalaia do Norte,AM,164,54.199997,58.48,50.444990806313015,8.035009193686982,True,84.14634146341463,-25.666341463414632,False,0.4955500919368698
87,1302603,Manaus,AM,23125,54.278618,56.8,48.76724074271263,8.032759257287367,True,51.96108108108108,4.838918918918914,True,0.5123275925728737
88,2801009,Campo do Brito,SE,124,38.938065,45.54,37.52488741795339,8.015112582046612,True,35.483870967741936,10.056129032258063,True,0.6247511258204661
89,4201802,Atalanta,SC,41,71.12,72.52,64.74164995667508,7.77835004332492,True,73.17073170731707,-0.6507317073170782,False,0.3525835004332492
90,2511905,Pitimbu,PB,182,75.96,76.57,68.81452992261036,7.7554700773896315,True,50.54945054945055,26.020549450549446,True,0.3118547007738963
91,2104701,Graça Aranha,MA,72,72.78,73.9,66.23129434366659,7.668705656333415,True,75.0,-1.0999999999999943,False,0.3376870565633341
92,2909307,Correntina,BA,214,36.71,43.319996,35.66460540429801,7.655390595701995,True,26.63551401869158,16.684481981308423,True,0.6433539459570199
93,2803807,Malhada dos Bois,SE,67,40.0,46.27,38.629309308783746,7.640690691216257,True,37.3134328358209,8.956567164179106,True,0.6137069069121625
94,4204707,Cunha Porã,SC,123,79.86683,80.0,72.41190383593143,7.588096164068574,True,74.79674796747967,5.203252032520325,True,0.2758809616406857
95,2516003,Solânea,PB,187,78.56,78.77,71.22291101557093,7.547088984429067,True,45.98930481283422,32.780695187165776,True,0.2877708898442908
96,4216107,São Domingos,SC,77,71.32428,78.68,71.17649211194373,7.503507888056276,True,79.22077922077922,-0.5407792207792141,False,0.2882350788805627
97,4210050,Macieira,SC,16,80.0,80.0,72.55272011203782,7.447279887962182,True,56.25,23.75,True,0.2744727988796218
98,2933208,Vera Cruz,BA,405,39.14,45.5,38.18387735765903,7.3161226423409715,True,38.271604938271594,7.228395061728406,True,0.6181612264234096
99,4127601,Tijucas do Sul,PR,242,78.76,78.94,71.66148477231717,7.278515227682831,True,68.59504132231406,10.344958677685938,True,0.2833851522768285
100,2926905,Rio do Pires,BA,32,36.5,43.13,35.873789279673716,7.256210720326287,True,15.625,27.505000000000003,True,0.6412621072032628
101,2802809,Indiaroba,SE,235,38.33,44.78,37.53286170731201,7.247138292687993,True,34.46808510638298,10.311914893617022,True,0.6246713829268798
102,2901155,América Dourada,BA,192,32.19,39.16,31.988453600437623,7.171546399562374,True,43.22916666666667,-4.069166666666675,False,0.6801154639956236
103,2403251,Parnamirim,RN,1330,44.3,50.04,42.90781640473898,7.132183595261019,True,36.39097744360902,13.649022556390982,True,0.5709218359526101
104,2925956,Rafael Jambeiro,BA,173,48.41,53.579998,46.50394782188052,7.0760501781194804,True,33.52601156069364,20.053986439306364,True,0.5349605217811948
105,2933174,Varzedo,BA,70,44.14,49.91,42.874739938526766,7.035260061473231,True,40.0,9.909999999999997,True,0.5712526006147324
106,2401503,Barcelona,RN,21,55.27,59.370003,52.34108828286293,7.02891471713707,True,76.19047619047619,-16.820473190476193,False,0.4765891171713707
107,3514601,Dumont,SP,87,76.77,77.25,70.24356550833402,7.006434491665985,True,64.36781609195403,12.882183908045974,True,0.2975643449166598
108,2906402,Candeal,BA,52,30.92,37.97,31.02253202759983,6.947467972400169,True,30.76923076923077,7.200769230769229,True,0.6897746797240016
109,2106300,Magalhães de Almeida,MA,144,51.59,56.28,49.38263361670444,6.897366383295562,True,81.94444444444444,-25.66444444444444,False,0.5061736638329555
110,1502103,Cametá,PA,1141,40.41,46.63,39.8319712367697,6.798028763230306,True,39.52673093777388,7.103269062226126,True,0.601680287632303
111,4104055,Campo Bonito,PR,47,72.87,73.98,67.29552793849,6.684472061510007,True,78.72340425531915,-4.743404255319149,False,0.3270447206151
112,2918803,Laje,BA,110,46.61,52.04,45.45934525296466,6.580654747035339,True,45.454545454545446,6.585454545454553,True,0.5454065474703533
113,2501906,Belém,PB,99,56.799995,60.65,54.07942653045063,6.570573469549366,True,35.35353535353535,25.29646464646465,True,0.4592057346954936
114,3540408,Populina,SP,40,77.91,78.22,71.67119103808626,6.5488089619137355,True,80.0,-1.7800000000000011,False,0.2832880896191373
115,1508035,Tracuateua,PA,193,48.47,53.63,47.08528905251451,6.544710947485491,True,36.26943005181347,17.36056994818653,True,0.5291471094748549
116,2509800,Mulungu,PB,81,56.27,60.21,53.66611788852644,6.5438821114735575,True,65.4320987654321,-5.222098765432101,False,0.4633388211147356
117,2614501,Surubim,PE,286,55.41,59.49,53.01539429094046,6.474605709059539,True,59.44055944055944,0.049440559440562026,True,0.4698460570905953
118,1506195,Rurópolis,PA,320,57.97,61.620003,55.26392588564389,6.356077114356104,True,54.6875,6.932502999999997,True,0.447360741143561
119,2501302,Aroeiras,PB,203,67.95,69.89,63.58356349782598,6.306436502174023,True,44.33497536945813,25.555024630541872,True,0.3641643650217402
120,3553658,Taquaral,SP,11,75.0,75.76,69.51489042598425,6.245109574015757,True,27.27272727272727,48.48727272727274,True,0.3048510957401574
121,2910008,Dário Meira,BA,112,37.81,44.31,38.17134299861018,6.138657001389824,True,41.07142857142857,3.238571428571433,True,0.6182865700138981
122,1300060,Amaturá,AM,176,62.67,65.52,59.546503432193575,5.973496567806421,True,64.77272727272727,0.7472727272727298,True,0.4045349656780642
123,2909802,Cruz das Almas,BA,432,34.64,41.43,35.47038179678822,5.959618203211782,True,33.56481481481481,7.86518518518519,True,0.6452961820321177
124,4302501,Bossoroca,RS,44,59.90409,54.929996,49.01438771416972,5.915608285830281,True,47.72727272727273,7.202723272727276,True,0.5098561228583027
125,2915502,Itajuípe,BA,88,34.37,41.18,35.29291549376968,5.887084506230323,True,34.090909090909086,7.089090909090913,True,0.6470708450623032
126,2906857,Capela do Alto Alegre,BA,66,35.87,42.56,36.70068078206208,5.859319217937923,True,45.454545454545446,-2.894545454545444,False,0.6329931921793792
127,2921054,Matina,BA,127,41.7,47.77,41.93622530750634,5.833774692493662,True,42.51968503937008,5.250314960629922,True,0.5806377469249366
128,2101103,Axixá,MA,143,81.88,80.0,74.16731512136094,5.832684878639057,True,71.32867132867133,8.671328671328666,True,0.2583268487863905
129,2516409,Tacima,PB,45,55.93,59.92,54.12187521129327,5.79812478870673,True,77.77777777777779,-17.857777777777784,False,0.4587812478870673
130,3552908,Taciba,SP,76,79.93,79.94,74.1604236940763,5.7795763059236975,True,67.10526315789474,12.834736842105258,True,0.258395763059237
131,2926301,Riachão do Jacuípe,BA,172,38.41,44.85,39.07437100481136,5.77562899518864,True,38.37209302325581,6.477906976744194,True,0.6092562899518864
132,2514404,São José de Espinharas,PB,47,56.299995,60.23,54.51313093429986,5.716869065700138,True,44.68085106382978,15.54914893617022,True,0.4548686906570014
133,1504000,Limoeiro do Ajuru,PA,256,47.64,52.92,47.20689292617149,5.71310707382851,True,49.21875,3.7012500000000017,True,0.527931070738285
134,2515500,Serra Branca,PB,100,57.57,61.29,55.57817099607186,5.711829003928138,True,53.0,8.29,True,0.4442182900392813
135,1503457,Ipixuna do Pará,PA,328,39.7,46.0,40.31310076682293,5.686899233177073,True,44.207317073170735,1.792682926829265,True,0.5968689923317706
136,2933505,Wenceslau Guimarães,BA,154,38.38,44.82,39.13557609091673,5.6844239090832716,True,31.16883116883117,13.651168831168832,True,0.6086442390908327
137,2807402,Tobias Barreto,SE,415,41.9,47.95,42.30963418916749,5.640365810832513,True,46.50602409638554,1.443975903614465,True,0.5769036581083251
138,4218954,Urupema,SC,43,80.0907,80.0,74.4084702746759,5.591529725324094,True,34.883720930232556,45.116279069767444,True,0.2559152972532409
139,1503507,Irituia,PA,198,45.28,50.89,45.33719611058008,5.55280388941992,True,50.505050505050505,0.3849494949494954,True,0.5466280388941992
140,2929008,São Félix,BA,83,32.07,39.05,33.50977104444579,5.5402289555542055,True,31.32530120481928,7.724698795180718,True,0.6649022895555421
141,2502706,Borborema,PB,41,82.74,80.0,74.5175084983732,5.4824915016267965,True,68.29268292682927,11.707317073170728,True,0.254824915016268
142,2905701,Camaçari,BA,2552,33.55,40.43,34.988655788783916,5.441344211216084,True,36.55956112852664,3.870438871473361,True,0.6501134421121608
143,2506004,Esperança,PB,253,61.5,64.55,59.12099891422582,5.429001085774175,True,64.42687747035573,0.12312252964426307,True,0.4087900108577418
144,2403202,Doutor Severiano,RN,44,53.88,58.21,52.83215357726934,5.377846422730663,True,52.27272727272727,5.9372727272727275,True,0.4716784642273067
145,2106326,Maracaçumé,MA,315,57.95,61.61,56.26727470634295,5.342725293657047,True,41.58730158730159,20.02269841269841,True,0.4373272529365705
146,2201770,Boa Hora,PI,45,58.74,62.26,56.923232388574974,5.336767611425024,True,46.666666666666664,15.593333333333334,True,0.4307676761142502
147,2605806,Frei Miguelinho,PE,97,68.03,69.96,64.7286316545473,5.231368345452694,True,71.1340206185567,-1.1740206185567104,False,0.352713683454527
148,1303569,Rio Preto da Eva,AM,356,35.31,42.05,36.81986343292937,5.23013656707063,True,46.62921348314606,-4.579213483146063,False,0.6318013656707062
149,3543238,Ribeirão dos Índios,SP,12,70.59,72.08,66.86642787788219,5.21357212211781,True,91.66666666666666,-19.58666666666666,False,0.331335721221178
150,1600535,Porto Grande,AP,337,64.852875,67.62,62.41649044246347,5.203509557536535,True,68.5459940652819,-0.9259940652818983,False,0.3758350955753654
151,3532843,Nova Canaã Paulista,SP,18,78.95,79.1,73.90707575070283,5.192924249297164,True,72.22222222222221,6.87777777777778,True,0.2609292424929716
152,3540903,Pradópolis,SP,191,74.24,75.13,69.99364290736938,5.136357092630618,True,62.82722513089005,12.302774869109946,True,0.3000635709263063
153,5103106,Cocalinho,MT,86,78.71,78.9,73.80829016091612,5.09170983908389,True,52.32558139534884,26.574418604651164,True,0.2619170983908389
154,2909208,Coronel João Sá,BA,111,28.700003,35.85,30.85126576487342,4.99873423512658,True,36.03603603603603,-0.18603603603602892,False,0.6914873423512657
155,3531407,Monte Aprazível,SP,154,73.54,74.54,69.57851475191364,4.961485248086362,True,68.18181818181817,6.3581818181818335,True,0.3042148524808635
156,1501006,Aveiro,PA,106,57.23,61.010002,56.06804773229709,4.941954267702911,True,64.15094339622641,-3.1409413962264097,False,0.4393195226770291
157,5106851,Porto Estrela,MT,27,89.12,80.0,75.07233699268309,4.927663007316909,True,77.77777777777779,2.2222222222222143,True,0.249276630073169
158,4213708,Pouso Redondo,SC,245,64.24433,68.69,63.7679126582827,4.922087341717301,True,62.857142857142854,5.832857142857144,True,0.3623208734171729
159,4209805,Leoberto Leal,SC,24,75.0,75.76,70.89988876167502,4.86011123832499,True,62.5,13.260000000000005,True,0.2910011123832499
160,4101705,Araruna,PR,173,76.05,76.65,71.79376444913488,4.856235550865122,True,77.45664739884393,-0.8066473988439213,False,0.2820623555086511
161,2103505,Colinas,MA,392,59.5,62.9,58.06218271300481,4.83781728699519,True,50.0,12.899999999999999,True,0.4193781728699519
162,2907806,Cícero Dantas,BA,156,30.93,37.98,33.18433668825015,4.795663311749848,True,36.53846153846153,1.4415384615384639,True,0.6681566331174984
163,2400208,Açu,RN,325,41.904,48.18,43.437447284635326,4.742552715364674,True,40.615384615384606,7.564615384615394,True,0.5656255271536468
164,2925709,Presidente Jânio Quadros,BA,107,30.409998,37.48,32.786955892764816,4.693044107235181,True,31.775700934579437,5.70429906542056,True,0.6721304410723516
165,3304201,Resende,RJ,983,68.62,70.45,65.79626769846182,4.653732301538184,True,72.73652085452696,-2.2865208545269553,False,0.3420373230153818
166,4128609,Verê,PR,96,81.02,80.0,75.3528752634343,4.647124736565701,True,67.70833333333334,12.291666666666657,True,0.2464712473656571
167,1303502,Pauini,AM,207,38.95,45.33,40.69939917853896,4.630600821461037,True,49.275362318840585,-3.945362318840587,False,0.5930060082146104
168,2410009,Pilões,RN,19,64.71,67.21,62.613952588506926,4.596047411493068,True,63.1578947368421,4.052105263157891,True,0.3738604741149307
169,4123956,Santa Mônica,PR,45,78.67,78.86,74.26891604826571,4.591083951734291,True,80.0,-1.1400000000000006,False,0.2573108395173429
170,2916807,Itarantim,BA,112,38.170002,44.639996,40.08610554878465,4.553890451215345,True,41.07142857142857,3.568567428571427,True,0.5991389445121534
171,3126752,Franciscópolis,MG,46,88.58,80.0,75.46431088971048,4.535689110289525,True,71.73913043478261,8.26086956521739,True,0.2453568911028952
172,2515104,São Sebastião de Lagoa de Roça,PB,74,64.39,66.95,62.48716540052237,4.462834599477631,True,56.75675675675676,10.193243243243245,True,0.3751283459947763
173,2912301,Ibicuí,BA,84,58.94,62.43,57.97838444260751,4.451615557392486,True,50.0,12.43,True,0.4202161555739249
174,4104907,Castro,PR,899,74.26,75.14,70.75930356921518,4.380696430784823,True,74.6384872080089,0.5015127919911038,True,0.2924069643078482
175,4202909,Brusque,SC,1305,66.1699,70.5,66.15412723091931,4.345872769080685,True,66.20689655172414,4.293103448275858,True,0.3384587276908068
176,2607950,Jaqueira,PE,71,57.65,61.36,57.01668238971118,4.343317610288821,True,81.69014084507043,-20.33014084507043,False,0.4298331761028882
177,3304102,Porciúncula,RJ,123,35.38,42.11,37.79017162070894,4.31982837929106,True,52.84552845528455,-10.735528455284552,False,0.6220982837929105
178,2929602,Sapeaçu,BA,123,56.84,60.68,56.39584821842837,4.28415178157163,True,65.04065040650406,-4.360650406504057,False,0.4360415178157163
179,4215307,Salete,SC,110,76.44709,78.29,74.04411414607914,4.245885853920868,True,68.18181818181817,10.108181818181833,True,0.2595588585392084
180,1504059,Mãe do Rio,PA,367,45.48,51.07,46.83332720503865,4.2366727949613505,True,47.13896457765668,3.931035422343321,True,0.5316667279496134
181,2103703,Cururupu,MA,276,65.83,68.14,63.970937792130414,4.169062207869587,True,67.02898550724638,1.1110144927536254,True,0.3602906220786959
182,2201804,Bocaina,PI,20,90.77,80.0,75.83309743221108,4.166902567788924,True,55.00000000000001,24.999999999999993,True,0.2416690256778891
183,2929206,São Francisco do Conde,BA,342,30.02,37.11,32.99057776403784,4.119422235962162,True,25.730994152046783,11.379005847953216,True,0.6700942223596216
184,1508407,Xinguara,PA,599,49.86,54.82,50.71394395177584,4.106056048224161,True,49.24874791318864,5.571252086811363,True,0.4928605604822416
185,2100154,Água Doce do Maranhão,MA,119,67.29,69.35,65.3392964565577,4.01070354344229,True,65.54621848739495,3.803781512605042,True,0.3466070354344229
186,4212239,Paraíso,SC,31,85.76,80.0,76.00384556641754,3.9961544335824613,True,83.87096774193549,-3.8709677419354875,False,0.2399615443358246
187,4122206,Rio Branco do Sul,PR,439,62.29,65.21,61.225545632851755,3.9844543671482384,True,61.731207289293856,3.478792710706138,True,0.3877445436714825
188,2107357,Nova Olinda do Maranhão,MA,164,57.16,60.949997,56.97455072565577,3.975446274344236,True,63.41463414634146,-2.4646371463414596,False,0.4302544927434423
189,4125704,São Miguel do Iguaçu,PR,334,73.58,74.57,70.67622359252745,3.8937764074725436,True,78.1437125748503,-3.5737125748503047,False,0.2932377640747254
190,1718402,Presidente Kennedy,TO,45,69.46,71.14,67.26881817506433,3.8711818249356753,True,57.77777777777777,13.362222222222229,True,0.3273118182493567
191,2922250,Muquém de São Francisco,BA,118,30.98,38.02,34.2325865257243,3.787413474275702,True,22.03389830508474,15.986101694915263,True,0.6576741347427569
192,4215554,Santa Helena,SC,24,78.34,78.58,74.80119474635568,3.7788052536443217,True,66.66666666666666,11.913333333333341,True,0.2519880525364433
193,1503044,Floresta do Araguaia,PA,228,47.770004,53.03,49.256901089855695,3.7730989101443058,True,67.10526315789474,-14.075263157894739,False,0.507430989101443
194,3305406,Sapucaia,RJ,198,65.59,67.94,64.19389406256138,3.746105937438614,True,67.17171717171718,0.7682828282828211,True,0.3580610593743861
195,3523701,Itirapuã,SP,48,73.92,74.86,71.12387498267957,3.7361250173204326,True,81.25,-6.390000000000001,False,0.2887612501732042
196,4215679,Santa Terezinha,SC,99,80.93364,80.0,76.43083603127572,3.5691639687242827,True,73.73737373737373,6.26262626262627,True,0.2356916396872427
197,2907103,Carinhanha,BA,316,28.55,35.7,32.22583761124043,3.4741623887595736,True,31.962025316455687,3.7379746835443157,True,0.6777416238875957
198,4122156,Rio Bonito do Iguaçu,PR,230,79.99626,80.0,76.5617202294178,3.4382797705821986,True,74.34782608695653,5.65217391304347,True,0.234382797705822
199,1504455,Medicilândia,PA,292,48.99,54.08,50.69389541732065,3.3861045826793514,True,48.28767123287671,5.792328767123287,True,0.4930610458267935
200,2908507,Conceição do Jacuípe,BA,208,34.3,41.12,37.843971652920274,3.2760283470797233,True,37.5,3.6199999999999974,True,0.6215602834707974
201,5008404,Vicentina,MS,92,63.039562,67.77,64.5209873087223,3.2490126912776987,True,54.347826086956516,13.42217391304348,True,0.354790126912777
202,1708304,Goianorte,TO,41,53.559998,57.940002,54.711688665295085,3.2283133347049144,True,39.02439024390244,18.91561175609756,True,0.4528831133470491
203,4209458,Lajeado Grande,SC,30,78.57,78.78,75.55956264315772,3.2204373568422824,True,66.66666666666666,12.113333333333344,True,0.2444043735684227
204,4107124,Diamante do Sul,PR,36,69.4,71.09,67.8920664807282,3.1979335192717997,True,83.33333333333334,-12.24333333333334,False,0.321079335192718
205,1508357,Vitória do Xingu,PA,263,60.62,63.830006,60.74221314464805,3.0877928553519496,True,69.58174904942965,-5.751743049429649,False,0.3925778685535195
206,4218905,Urubici,SC,113,60.18,63.46,60.40176744734597,3.058232552654033,True,76.10619469026548,-12.646194690265482,False,0.3959823255265403
207,1100338,Nova Mamoré,RO,404,63.02,65.81,62.774309303110634,3.035690696889368,True,45.792079207920786,20.017920792079217,True,0.3722569069688936
208,2701902,Chã Preta,AL,56,43.85,49.65,46.6490022506121,3.000997749387899,True,51.78571428571429,-2.1357142857142932,False,0.533509977493879
209,2109239,Presidente Médici,MA,68,75.46,76.15,73.15682490708176,2.99317509291825,True,75.0,1.1500000000000057,True,0.2684317509291825
210,2102358,Buritirana,MA,156,61.37,64.45,61.46873061486519,2.9812693851348158,True,55.12820512820513,9.321794871794872,True,0.3853126938513481
211,1505007,Nova Timboteua,PA,120,50.32,55.21,52.24514279034499,2.9648572096550083,True,50.83333333333333,4.376666666666672,True,0.4775485720965501
212,2200053,Acauã,PI,61,81.71,80.0,77.07074408339346,2.929255916606536,True,81.9672131147541,-1.9672131147541023,False,0.2292925591660654
213,2616308,Vicência,PE,223,57.45,61.19,58.28141975046538,2.908580249534616,True,68.16143497757847,-6.971434977578468,False,0.4171858024953462
214,3555356,Ubarana,SP,69,60.640003,63.84,60.97235348951846,2.867646510481542,True,73.91304347826086,-10.073043478260857,False,0.3902764651048154
215,5214903,Nova Roma,GO,21,61.289997,64.38,61.55041136588649,2.829588634113506,True,71.42857142857143,-7.048571428571435,False,0.3844958863411351
216,1502772,Curionópolis,PA,271,50.76,55.58,52.75996467382825,2.820035326171748,True,73.43173431734317,-17.851734317343173,False,0.4724003532617175
217,5202601,Aurilândia,GO,32,75.98,76.59,73.7712809078785,2.8187190921214977,True,93.75,-17.159999999999997,False,0.262287190921215
218,4202206,Benedito Novo,SC,121,59.665123,64.47,61.659358335613575,2.8106416643864236,True,70.24793388429752,-5.777933884297525,False,0.3834064166438641
219,4114104,Mandaguaçu,PR,338,60.150005,63.439995,60.6354020561106,2.8045929438894035,True,62.42603550295858,1.0139594970414265,True,0.393645979438894
220,4106506,Coronel Vivida,PR,301,80.52,80.0,77.2097849173508,2.7902150826491976,True,74.75083056478405,5.249169435215947,True,0.227902150826492
221,2110237,Santana do Maranhão,MA,60,85.85,80.0,77.20979810338129,2.7902018966187114,True,53.333333333333336,26.666666666666664,True,0.2279020189661871
222,2102507,Cajari,MA,72,53.27,57.699997,54.91208896213762,2.787908037862387,True,31.944444444444443,25.75555255555556,True,0.4508791103786238
223,2614808,Tacaratu,PE,151,56.04,60.020004,57.240141999434336,2.7798620005656645,True,74.17218543046357,-14.152181430463571,False,0.4275985800056566
224,4115002,Marilena,PR,86,84.46,80.0,77.23924332006679,2.760756679933209,True,75.5813953488372,4.418604651162795,True,0.227607566799332
225,2207850,Pavussu,PI,40,66.32,68.54,65.80424441955292,2.7357555804470906,True,90.0,-21.459999999999994,False,0.3419575558044708
226,4117800,Palmital,PR,131,74.27,75.15,72.47634074945437,2.67365925054564,True,69.46564885496184,5.684351145038164,True,0.2752365925054564
227,3500600,Águas de São Pedro,SP,42,81.85,80.0,77.33920132927682,2.6607986707231817,True,80.95238095238095,-0.952380952380949,False,0.2266079867072317
228,4103057,Boa Vista da Aparecida,PR,90,72.39,73.58,70.92017019622435,2.6598298037756507,True,53.333333333333336,20.246666666666663,True,0.2907982980377566
229,1100254,Presidente Médici,RO,202,59.76554,65.31,62.655488615664645,2.6545113843353576,True,68.31683168316832,-3.006831683168315,False,0.3734451138433535
230,3507100,Bom Jesus dos Perdões,SP,292,69.87,71.48,68.86298654064085,2.617013459359157,True,53.76712328767124,17.712876712328764,True,0.3113701345935915
231,2606002,Garanhuns,PE,1278,52.279995,56.859997,54.24323389165519,2.616763108344813,True,69.71830985915493,-12.858312859154928,False,0.4575676610834481
232,1100403,Alto Paraíso,RO,171,61.53,64.58,62.008844461262214,2.5711555387377842,True,60.23391812865497,4.346081871345028,True,0.3799115553873778
233,4108403,Francisco Beltrão,PR,1041,79.67,79.72,77.14970796813712,2.570292031862877,True,76.17675312199808,3.5432468780019235,True,0.2285029203186287
234,5006606,Ponta Porã,MS,1793,55.237343,61.45,58.88044751434547,2.5695524856545333,True,68.2654768544339,-6.815476854433896,False,0.4111955248565454
235,2505006,Cubati,PB,86,71.83,73.11,70.58099469926873,2.5290053007312707,True,97.67441860465115,-24.564418604651152,False,0.2941900530073127
236,2615201,Terra Nova,PE,115,62.03,64.99,62.46203309966092,2.5279669003390737,True,71.30434782608695,-6.3143478260869585,False,0.3753796690033908
237,2102903,Carutapera,MA,288,55.58,59.629997,57.11543568410662,2.5145613158933813,True,62.15277777777778,-2.5227807777777755,False,0.4288456431589338
238,3529500,Mendonça,SP,65,69.95,71.55,69.04635439690475,2.5036456030952507,True,78.46153846153847,-6.91153846153847,False,0.3095364560309525
239,2412203,São José de Mipibu,RN,541,33.592274,41.43,38.93259230512902,2.4974076948709794,True,34.195933456561924,7.234066543438075,True,0.6106740769487097
240,4200408,Água Doce,SC,75,64.75,67.24,64.76176007203445,2.4782399279655465,True,70.66666666666667,-3.4266666666666765,False,0.3523823992796555
241,4114609,Marechal Cândido Rondon,PR,659,75.3,76.01,73.60944180670441,2.400558193295595,True,76.4795144157815,-0.46951441578148945,False,0.2639055819329559
242,4107157,Diamante D'Oeste,PR,74,67.21,69.28,66.88715507750842,2.3928449224915767,True,74.32432432432432,-5.044324324324322,False,0.3311284492249158
243,1505601,Peixe-Boi,PA,70,53.76,58.11,55.72095932090866,2.3890406790913374,True,84.28571428571429,-26.175714285714292,False,0.4427904067909134
244,5005681,Mundo Novo,MS,239,82.669914,80.0,77.61188931743847,2.388110682561532,True,48.95397489539749,31.046025104602514,True,0.2238811068256153
245,3304409,Rio Claro,RJ,147,65.58,67.93,65.55892472975813,2.3710752702418745,True,65.3061224489796,2.6238775510204135,True,0.3444107527024187
246,4103370,Brasilândia do Sul,PR,36,74.32,75.19,72.85662711481218,2.3333728851878135,True,77.77777777777779,-2.587777777777788,False,0.2714337288518781
247,3541059,Pratânia,SP,82,56.059998,60.03,57.706852640843096,2.3231473591569056,True,57.3170731707317,2.712926829268298,True,0.422931473591569
248,3504107,Atibaia,SP,1697,70.565674,72.05,69.74007423059439,2.3099257694056092,True,65.3506187389511,6.699381261048899,True,0.3025992576940562
249,2913101,Ibititá,BA,100,26.1,33.31,31.00049594315792,2.3095040568420835,True,28.000000000000004,5.309999999999999,True,0.6899950405684208
250,3306107,Valença,RJ,718,58.36,61.95,59.64275554743098,2.307244452569023,True,55.71030640668524,6.239693593314762,True,0.4035724445256902
251,2608107,João Alfredo,PE,169,56.99,60.810005,58.53454247960052,2.275462520399479,True,75.7396449704142,-14.929639970414208,False,0.4146545752039948
252,2804102,Moita Bonita,SE,90,43.16,49.05,46.82763067928975,2.22236932071025,True,57.77777777777777,-8.727777777777774,False,0.5317236932071024
253,2210631,Sebastião Leal,PI,52,93.5,80.0,77.8757891694763,2.124210830523694,True,76.92307692307693,3.076923076923066,True,0.2212421083052369
254,2608404,Jurema,PE,155,53.46,57.86,55.775554429006355,2.084445570993644,True,60.64516129032258,-2.785161290322577,False,0.4422444557099364
255,2502508,Boqueirão,PB,95,38.0,44.48,42.449221905944874,2.0307780940551226,True,36.84210526315789,7.637894736842107,True,0.5755077809405513
256,2615003,Taquaritinga do Norte,PE,235,59.65,63.02,60.993097718917674,2.0269022810823287,True,59.57446808510638,3.445531914893621,True,0.3900690228108232
257,4102406,Bandeirantes,PR,302,75.41,76.11,74.09894614347789,2.0110538565221106,True,72.84768211920529,3.2623178807947113,True,0.2590105385652211
258,4110607,Iporã,PR,129,64.15,66.75,64.74620399686295,2.0037960031370545,True,68.21705426356588,-1.4670542635658848,False,0.3525379600313705
259,1301704,Humaitá,AM,762,51.167164,55.15,53.166127449648926,1.983872550351073,True,57.874015748031496,-2.7240157480314977,False,0.4683387255035108
260,1505304,Oriximiná,PA,734,34.52,41.32,39.35569948078335,1.9643005192166498,True,31.60762942779291,9.712370572207089,True,0.6064430051921665
261,4104402,Cândido de Abreu,PR,153,83.34,80.0,78.05458926404604,1.9454107359539563,True,85.62091503267973,-5.620915032679733,False,0.2194541073595395
262,1502004,Cachoeira do Arari,PA,207,54.84768,56.72,54.7893915091125,1.9306084908875007,True,35.748792270531396,20.971207729468603,True,0.4521060849088751
263,2803302,Japaratuba,SE,167,42.14,48.16,46.24091216184026,1.91908783815974,True,58.08383233532935,-9.923832335329351,False,0.5375908783815974
264,3302502,Magé,RJ,2969,46.26,51.74,49.82272652680259,1.9172734731974117,True,46.78342876389356,4.956571236106441,True,0.501772734731974
265,4217402,Schroeder,SC,263,60.659275,65.84,63.93647048627206,1.9035295137279462,True,74.52471482889734,-8.684714828897341,False,0.3606352951372795
266,1100189,Pimenta Bueno,RO,472,69.73,71.37,69.49751725976809,1.8724827402319164,True,81.77966101694916,-10.409661016949158,False,0.3050248274023192
267,2925501,Prado,BA,391,40.943684,41.65,39.805522873226664,1.8444771267733344,True,32.73657289002558,8.913427109974421,True,0.6019447712677333
268,2210102,São José do Peixe,PI,40,76.0,76.6,74.81940044336669,1.7805995566333053,True,75.0,1.5999999999999943,True,0.2518059955663331
269,3528809,Maracaí,SP,110,84.81,80.0,78.23054755192193,1.76945244807807,True,90.90909090909092,-10.90909090909092,False,0.2176945244807807
270,3301306,Casimiro de Abreu,RJ,500,54.93,59.09,57.3205713192874,1.7694286807126005,True,58.8,0.29000000000000625,True,0.4267942868071259
271,2210953,Tamboril do Piauí,PI,43,68.75,70.55,68.78464761374383,1.7653523862561684,True,65.11627906976744,5.433720930232553,True,0.3121535238625617
272,3301108,Cantagalo,RJ,162,55.75,59.77,58.014142975356854,1.7558570246431486,True,53.086419753086425,6.6835802469135785,True,0.4198585702464315
273,4208609,Jaborá,SC,40,73.88,74.82,73.10250325231631,1.7174967476836827,True,77.5,-2.680000000000007,False,0.2689749674768369
274,3305505,Saquarema,RJ,1186,63.539997,66.24,64.53560609895044,1.7043939010495563,True,62.563237774030355,3.6767622259696395,True,0.3546439390104956
275,3544905,Sales Oliveira,SP,95,58.459995,62.030003,60.3670215004287,1.662981499571302,True,49.47368421052631,12.556318789473693,True,0.396329784995713
276,2205201,Jaicós,PI,164,78.99,79.14,77.5906387877108,1.5493612122891989,True,59.14634146341463,19.99365853658537,True,0.224093612122892
277,4116109,Moreira Sales,PR,106,79.33,79.43,77.88522258477943,1.5447774152205795,True,78.30188679245283,1.1281132075471731,True,0.2211477741522056
278,5100250,Alta Floresta,MT,657,53.52,57.91,56.36550214725704,1.544497852742957,True,71.68949771689498,-13.77949771689498,False,0.4363449785274296
279,2615409,Toritama,PE,548,50.21,55.11,53.58185968453948,1.5281403154605187,True,64.23357664233576,-9.123576642335763,False,0.4641814031546052
280,3513306,Cruzália,SP,17,85.19,80.0,78.47660752899299,1.5233924710070141,True,47.05882352941176,32.94117647058824,True,0.21523392471007
281,5106257,Nova Xavantina,MT,245,71.61,72.93,71.41425420809705,1.5157457919029582,True,44.89795918367347,28.032040816326536,True,0.2858574579190295
282,3538105,Pindorama,SP,113,46.53,51.97,50.486675287171444,1.483324712828555,True,62.83185840707964,-10.861858407079644,False,0.4951332471282855
283,3522109,Itanhaém,SP,1291,54.33,58.589996,57.10773064718614,1.4822653528138616,True,48.412083656080554,10.177912343919445,True,0.4289226935281386
284,2209856,São João da Canabrava,PI,27,82.0,80.0,78.55920897008991,1.4407910299100877,True,96.29629629629628,-16.296296296296276,False,0.2144079102991009
285,4215604,Santa Rosa de Lima,SC,37,92.81,80.0,78.61219719517437,1.3878028048256255,True,86.48648648648648,-6.486486486486484,False,0.2138780280482562
286,3140902,Matipó,MG,247,70.323235,80.0,78.6472358994938,1.3527641005062065,True,80.97165991902834,-0.9716599190283404,False,0.213527641005062
287,2612703,Santa Maria do Cambucá,PE,90,83.17,80.0,78.66398736518094,1.3360126348190562,True,72.22222222222221,7.777777777777786,True,0.2133601263481906
288,2603801,Capoeiras,PE,211,50.95,55.74,54.424585980387455,1.3154140196125468,True,69.66824644549763,-13.928246445497628,False,0.4557541401961254
289,5007950,Tacuru,MS,187,51.61,56.3,54.997471714787004,1.3025282852129934,True,56.68449197860963,-0.38449197860963125,False,0.4500252828521299
290,2202604,Castelo do Piauí,PI,167,75.09,75.84,74.58157679719851,1.2584232028014952,True,82.63473053892216,-6.794730538922153,False,0.2541842320280149
291,4113700,Londrina,PR,4774,73.99454,74.82,73.57947339104076,1.2405266089592288,True,73.56514453288648,1.254855467113515,True,0.2642052660895923
292,3546603,Santa Fé do Sul,SP,338,59.210003,62.66,61.43980612297312,1.2201938770268796,True,54.142011834319526,8.517988165680471,True,0.3856019387702687
293,4125902,São Pedro do Paraná,PR,16,71.94,73.2,71.98031071459508,1.2196892854049253,True,75.0,-1.7999999999999972,False,0.2801968928540492
294,3553500,Tapiraí,SP,103,53.69,58.05,56.84819459068387,1.2018054093161297,True,57.28155339805825,0.7684466019417471,True,0.4315180540931613
295,4205704,Garopaba,SC,342,70.59,72.08,70.8804469213678,1.1995530786321922,True,75.43859649122807,-3.35859649122807,False,0.2911955307863219
296,2613404,São José da Coroa Grande,PE,244,41.77,47.83,46.66041619188905,1.16958380811095,True,38.93442622950819,8.895573770491808,True,0.5333958380811095
297,2613305,São Joaquim do Monte,PE,233,68.5,70.35,69.18895806763811,1.1610419323618828,True,72.1030042918455,-1.7530042918454996,False,0.3081104193236188
298,3125507,São Gonçalo do Rio Preto,MG,29,80.13,80.0,78.84033522170837,1.1596647782916278,True,82.75862068965517,-2.7586206896551744,False,0.2115966477829163
299,2605509,Ferreiros,PE,82,58.16,61.78,60.62431535165148,1.1556846483485188,True,41.46341463414634,20.316585365853662,True,0.3937568464834852
300,4100707,Alto Piquiri,PR,125,74.73,75.54,74.4886442638906,1.0513557361094001,True,64.8,10.740000000000009,True,0.255113557361094
301,4121703,Reserva,PR,301,72.87,73.98,72.94412968076297,1.0358703192370342,True,81.06312292358804,-7.083122923588036,False,0.2705587031923703
302,3143807,Munhoz,MG,91,77.93,78.23,77.21096136699066,1.0190386330093446,True,82.41758241758241,-4.187582417582405,False,0.2278903863300934
303,2928000,Santaluz,BA,199,25.08,32.3,31.30756424768727,0.9924357523127263,True,29.145728643216078,3.1542713567839193,True,0.6869243575231273
304,2403905,Francisco Dantas,RN,19,45.0,50.65,49.71978255200593,0.9302174479940675,True,78.94736842105263,-28.29736842105263,False,0.5028021744799407
305,3301504,Cordeiro,RJ,188,59.21,62.66,61.76356952733934,0.8964304726606542,True,64.8936170212766,-2.2336170212766007,False,0.3823643047266065
306,4107405,Enéas Marques,PR,66,83.61,80.0,79.12885284389847,0.8711471561015287,True,86.36363636363636,-6.36363636363636,False,0.2087114715610152
307,4203709,Canelinha,SC,79,59.28,62.709995,61.88366419052104,0.8263308094789608,True,43.0379746835443,19.6720203164557,True,0.3811633580947896
308,4103909,Campina da Lagoa,PR,227,80.15,80.0,79.1766024400017,0.8233975599982983,True,77.97356828193833,2.026431718061673,True,0.2082339755999831
309,5214408,Nazário,GO,94,79.0,79.15,78.32773687350902,0.8222631264909808,True,84.04255319148936,-4.892553191489355,False,0.2167226312649097
310,5205109,Catalão,GO,951,64.88,67.35,66.55285951594085,0.7971404840591418,True,76.8664563617245,-9.516456361724508,False,0.3344714048405914
311,4119707,Planaltina do Paraná,PR,45,79.79,79.82,79.0310065596517,0.7889934403482926,True,80.0,-0.18000000000000682,False,0.209689934403483
312,5201207,Anhanguera,GO,16,80.0,80.0,79.2142119247793,0.7857880752206938,True,81.25,-1.25,False,0.2078578807522069
313,2928950,São Domingos,BA,51,25.27,32.49,31.71546000296979,0.7745399970302103,True,52.94117647058824,-20.451176470588237,False,0.682845399970302
314,2105708,Lago da Pedra,MA,410,92.18,80.0,79.27176428544111,0.7282357145588918,True,79.75609756097562,0.24390243902438158,True,0.2072823571455889
315,2109809,Santa Helena,MA,200,57.13,60.93,60.21759585563932,0.7124041443606828,True,72.5,-11.57,False,0.3978240414436068
316,5002209,Bonito,MS,398,53.37,57.78,57.12928361460581,0.6507163853941904,True,59.04522613065326,-1.2652261306532608,False,0.4287071638539418
317,2205565,Lagoa do Barro do Piauí,PI,81,55.670002,59.709995,59.06689002776378,0.6431049722362161,True,59.25925925925925,0.45073574074074685,True,0.4093310997223621
318,2207405,Palmeira do Piauí,PI,36,70.83,72.28,71.6398486962915,0.6401513037085067,True,72.22222222222221,0.05777777777778681,True,0.283601513037085
319,4211801,Ouro,SC,59,72.58,73.74,73.10934600560142,0.6306539943985712,True,83.05084745762711,-9.31084745762712,False,0.2689065399439858
320,2609600,Olinda,PE,2716,59.570004,62.95,62.348428173970014,0.6015718260299892,True,62.48159057437408,0.46840942562592147,True,0.3765157182602998
321,4107751,Figueira,PR,92,82.1,80.0,79.41013545125787,0.5898645487421277,True,77.17391304347827,2.826086956521735,True,0.2058986454874213
322,2204501,Guadalupe,PI,128,48.9,54.0,53.46223567830181,0.5377643216981909,True,67.96875,-13.96875,False,0.4653776432169819
323,5211909,Jataí,GO,1147,64.01,66.63,66.0996479131202,0.5303520868798017,True,70.18308631211858,-3.5530863121185803,False,0.339003520868798
324,2602704,Buenos Aires,PE,124,62.99,65.79,65.29124271523014,0.4987572847698658,True,85.48387096774194,-19.69387096774193,False,0.3470875728476985
325,3521002,Iperó,SP,380,40.9,47.07,46.57240229337433,0.49759770662566893,True,44.21052631578947,2.8594736842105277,True,0.5342759770662566
326,2311355,Quixelô,CE,154,79.3,79.4,78.92295584733614,0.4770441526638649,True,88.31168831168831,-8.911688311688309,False,0.2107704415266386
327,5006200,Nova Andradina,MS,654,58.38,61.969997,61.5201440279313,0.44985297206869745,True,69.72477064220183,-7.754773642201833,False,0.384798559720687
328,2103000,Caxias,MA,1394,43.75,49.57,49.12061853366241,0.44938146633759146,True,55.4519368723099,-5.8819368723099,False,0.5087938146633759
329,2110039,Santa Luzia do Paruá,MA,243,93.66,80.0,79.59231831887503,0.40768168112496994,True,86.0082304526749,-6.008230452674894,False,0.2040768168112496
330,3553203,Taiúva,SP,61,68.12,70.03,69.62394406157577,0.40605593842423104,True,57.377049180327866,12.652950819672135,True,0.3037605593842423
331,2204709,Inhuma,PI,122,55.39,59.47,59.06689002776378,0.4031099722362157,True,67.21311475409836,-7.743114754098357,False,0.4093310997223621
332,1707652,Figueirópolis,TO,62,62.36,65.27,64.8770035216599,0.39299647834009477,True,51.61290322580645,13.657096774193548,True,0.3512299647834009
333,4219002,Urussanga,SC,216,67.225,70.65,70.2769632167938,0.3730367832062029,True,70.83333333333334,-0.18333333333333712,False,0.2972303678320619
334,5212303,Leopoldo de Bulhões,GO,87,77.67,78.01,77.63796618169408,0.37203381830592264,True,75.86206896551724,2.1479310344827667,True,0.2236203381830591
335,3529708,Miguelópolis,SP,155,64.31,66.88,66.55946459971383,0.3205354002861611,True,30.967741935483872,35.912258064516124,True,0.3344053540028616
336,4203907,Capinzal,SC,283,72.28,73.49,73.17888962569326,0.31111037430673605,True,69.96466431095406,3.5253356890459315,True,0.2682111037430674
337,1715150,Novo Alegre,TO,24,71.67,72.98,72.6709357696817,0.3090642303182989,True,70.83333333333334,2.146666666666661,True,0.273290642303183
338,3143500,Morada Nova de Minas,MG,76,86.32,80.0,79.73229621706463,0.2677037829353708,True,64.47368421052632,15.526315789473685,True,0.2026770378293537
339,1705508,Colinas do Tocantins,TO,442,51.01,55.79,55.526525336146626,0.2634746638533727,True,55.88235294117647,-0.09235294117647186,False,0.4447347466385337
340,2604007,Carpina,PE,570,65.28,67.68,67.42238272701788,0.2576172729821309,True,59.29824561403508,8.381754385964925,True,0.3257761727298212
341,5008305,Três Lagoas,MS,1634,69.86,71.48,71.22916064013414,0.25083935986586425,True,82.98653610771115,-11.506536107711142,False,0.2877083935986585
342,2610400,Parnamirim,PE,175,48.66,53.79,53.54093373863332,0.24906626136667853,True,59.42857142857143,-5.6385714285714315,False,0.4645906626136668
343,3528007,Macatuba,SP,182,65.03,67.48,67.23743467658618,0.24256532341382808,True,62.637362637362635,4.842637362637369,True,0.3276256532341383
344,3549102,São João da Boa Vista,SP,627,54.57,58.790005,58.59605835288328,0.19394664711671794,True,61.72248803827751,-2.9324830382775104,False,0.4140394164711671
345,2507507,João Pessoa,PB,5447,47.852154,52.13,51.960504623775314,0.16949537622468824,True,55.81053791077657,-3.6805379107765646,False,0.4803949537622469
346,3551306,Sebastianópolis do Sul,SP,34,83.75,80.0,79.87322435824976,0.12677564175024258,True,76.47058823529412,3.529411764705884,True,0.2012677564175025
347,1703206,Bernardo Sayão,TO,56,52.8,57.3,57.21359248089689,0.08640751910310485,True,58.92857142857143,-1.6285714285714334,False,0.4278640751910312
348,4103404,Cafeara,PR,33,80.11,80.0,79.94092034609325,0.05907965390674974,True,63.63636363636363,16.363636363636367,True,0.2005907965390675
349,3162203,São João Batista do Glória,MG,88,82.43,80.0,79.95307515216402,0.04692484783598161,True,84.0909090909091,-4.0909090909090935,False,0.2004692484783597
350,3304524,Rio das Ostras,RJ,1585,65.82,68.13,68.09852250212106,0.03147749787893872,True,68.89589905362776,-0.7658990536277628,False,0.3190147749787894
351,4204103,Caxambu do Sul,SC,46,69.54,71.21,71.18844038657448,0.021559613425509383,True,58.69565217391305,12.514347826086947,True,0.2881155961342552
352,3552205,Sorocaba,SP,6334,49.16648,53.150005,56.68936436410462,-3.5393593641046195,False,55.09946321439848,-1.9494582143984829,False,0.4331063563589537
353,3118601,Contagem,MG,4601,54.81266,58.08,65.83120990623101,-7.751209906231011,False,70.61508367746143,-12.53508367746143,False,0.3416879009376899
354,3541000,Praia Grande,SP,3853,50.73,55.55,56.512354705290605,-0.9623547052906076,False,51.128990397093176,4.421009602906821,True,0.434876452947094
355,3552502,Suzano,SP,3638,45.226624,48.1,56.07924319050795,-7.979243190507951,False,51.53930731170973,-3.439307311709726,False,0.4392075680949204
356,3551009,São Vicente,SP,3048,42.81177,49.009995,51.0818618830733,-2.071866883073298,False,48.68766404199475,0.3223309580052529,True,0.489181381169267
357,3506003,Bauru,SP,2786,49.107952,49.57,57.896417255521406,-8.326417255521406,False,59.97846374730796,-10.408463747307962,False,0.4210358274447859
358,4204202,Chapecó,SC,2707,56.038834,60.17,60.33836241482735,-0.16836241482734948,False,59.21684521610639,0.9531547838936092,True,0.3966163758517264
359,3552403,Sumaré,SP,2702,54.12936,57.39,60.35504619372269,-2.965046193722692,False,58.10510732790526,-0.7151073279052582,False,0.396449538062773
360,3516408,Franco da Rocha,SP,1792,50.49293,55.69,57.56607900624476,-1.8760790062447654,False,48.38169642857143,7.308303571428567,True,0.4243392099375523
361,3530706,Mogi Guaçu,SP,1351,51.399998,56.12,56.949274384459144,-0.829274384459147,False,63.65655070318282,-7.536550703182826,False,0.4305072561554085
362,3554003,Tatuí,SP,1236,51.1,55.87,57.727668808175196,-1.8576688081751982,False,53.96440129449837,1.9055987055016246,True,0.4227233119182481
363,3118304,Conselheiro Lafaiete,MG,1226,68.92716,67.43,78.64993541211393,-11.219935412113927,False,83.5236541598695,-16.093654159869487,False,0.2135006458788606
364,2304202,Crato,CE,1210,93.55,80.0,95.26444947191825,-15.264449471918255,False,95.37190082644628,-15.371900826446279,False,0.0473555052808174
365,3152501,Pouso Alegre,MG,1194,54.82608,62.41,71.05772382453877,-8.647723824538772,False,68.92797319932998,-6.517973199329987,False,0.2894227617546123
366,3556503,Várzea Paulista,SP,1188,48.73,53.85,55.096324599558585,-1.2463245995585837,False,53.198653198653204,0.6513468013467971,True,0.4490367540044141
367,3151800,Poços de Caldas,MG,1117,58.12793,61.729996,72.38173369730524,-10.651737697305236,False,78.51387645478961,-16.78388045478961,False,0.2761826630269477
368,3513504,Cubatão,SP,1093,48.692207,53.65,56.24410412030033,-2.5941041203003294,False,45.10521500457456,8.544784995425438,True,0.4375589587969966
369,2313401,Tianguá,CE,1093,84.36,80.0,85.79061984763044,-5.790619847630438,False,86.00182982616651,-6.001829826166514,False,0.1420938015236956
370,3503307,Araras,SP,1043,60.713478,61.73,65.75442721599947,-4.024427215999474,False,65.29242569511025,-3.5624256951102566,False,0.3424557278400054
371,3536505,Paulínia,SP,1040,48.49,53.65,55.55392161970031,-1.9039216197003128,False,61.92307692307693,-8.273076923076928,False,0.4444607838029969
372,3131703,Itabira,MG,989,57.115704,60.96,72.02330679114807,-11.063306791148072,False,69.76744186046511,-8.807441860465111,False,0.2797669320885192
373,3550704,São Sebastião,SP,985,39.21,45.57,51.82278055245024,-6.25278055245024,False,43.95939086294416,1.6106091370558389,True,0.4817721944754976
374,3147006,Paracatu,MG,951,67.14365,68.02,78.59000932648576,-10.57000932648576,False,69.19032597266036,-1.1703259726603648,False,0.2140999067351424
375,2304285,Eusébio,CE,949,92.64,80.0,95.0054367063786,-15.005436706378603,False,93.88830347734456,-13.888303477344564,False,0.049945632936214
376,1301209,Coari,AM,932,48.142235,45.17,48.91087048548654,-3.740870485486539,False,40.7725321888412,4.397467811158805,True,0.5108912951451346
377,3134202,Ituiutaba,MG,894,62.27906,65.79,75.22952486840695,-9.439524868406949,False,63.87024608501118,1.9197539149888243,True,0.2477047513159305
378,3105608,Barbacena,MG,860,64.56111,62.71,77.33029179072078,-14.620291790720778,False,83.83720930232558,-21.127209302325575,False,0.2266970820927921
379,3556206,Valinhos,SP,829,50.729996,55.55,57.39464554342314,-1.844645543423141,False,48.49215922798552,7.05784077201448,True,0.4260535445657685
380,1504703,Moju,PA,769,32.11,39.09,39.799327304891904,-0.7093273048919002,False,34.20026007802341,4.889739921976592,True,0.6020067269510809
381,2311801,Russas,CE,763,92.93001,80.0,93.47402383106744,-13.474023831067441,False,94.4954128440367,-14.495412844036693,False,0.0652597616893254
382,2101707,Barreirinhas,MA,762,50.35,55.229996,59.109018982292895,-3.879022982292895,False,78.60892388451444,-23.37892788451444,False,0.408909810177071
383,2302602,Camocim,CE,745,94.5,80.0,94.89005832313315,-14.890058323133147,False,94.09395973154362,-14.09395973154362,False,0.0510994167686685
384,2305506,Iguatu,CE,741,56.55,60.44,62.10114853762823,-1.661148537628229,False,63.42780026990553,-2.9878002699055344,False,0.3789885146237177
385,3162500,São João del Rei,MG,708,60.93102,59.67,72.90293056427578,-13.232930564275776,False,77.40112994350282,-17.731129943502822,False,0.2709706943572422
386,2301901,Barbalha,CE,705,85.38,80.0,86.45297735935591,-6.452977359355913,False,87.94326241134752,-7.9432624113475185,False,0.1354702264064409
387,2110005,Santa Luzia,MA,694,54.430004,58.670002,58.73612113793929,-0.06611913793929602,False,59.51008645533141,-0.8400844553314144,False,0.4126387886206071
388,2304103,Crateús,CE,674,97.10796,80.0,95.71836733786618,-15.718367337866184,False,97.18100890207715,-17.181008902077153,False,0.0428163266213381
389,3101607,Alfenas,MG,653,55.588696,62.519997,73.59059681446976,-11.070599814469766,False,73.04747320061256,-10.527476200612561,False,0.2640940318553023
390,2112506,Tutóia,MA,637,37.64,44.16,49.10263428211615,-4.942634282116153,False,57.927786499215074,-13.767786499215077,False,0.5089736571788385
391,2706307,Palmeira dos Índios,AL,624,31.488207,39.15,45.9619188899278,-6.811918889927803,False,39.1025641025641,0.04743589743589638,True,0.540380811100722
392,3527306,Louveira,SP,624,54.63,58.84,59.4384845331738,-0.5984845331737958,False,58.01282051282052,0.8271794871794853,True,0.405615154668262
393,1500305,Afuá,PA,615,30.810001,37.86,38.65483596664786,-0.7948359666478595,False,39.02439024390244,-1.1643902439024387,False,0.6134516403335214
394,3526803,Lençóis Paulista,SP,607,61.31,64.4,66.33529640868096,-1.935296408680955,False,63.59143327841845,0.8085667215815562,True,0.3366470359131904
395,4203808,Canoinhas,SC,571,75.83333,74.87,74.97426660881123,-0.10426660881122984,False,78.10858143607706,-3.2385814360770553,False,0.2502573339118876
396,5007208,Rio Brilhante,MS,569,40.18,46.43,55.12433577923219,-8.69433577923219,False,52.72407732864674,-6.294077328646743,False,0.4487566422076781
397,3506102,Bebedouro,SP,567,48.69,53.82,56.14821691367076,-2.328216913670758,False,55.379188712522044,-1.5591887125220438,False,0.4385178308632924
398,3305000,São João da Barra,RJ,554,52.12,56.73,57.095942393762144,-0.3659423937621469,False,59.205776173285194,-2.4757761732851975,False,0.4290405760623785
399,2103604,Coroatá,MA,553,41.49,47.59,50.201851754199225,-2.611851754199222,False,55.87703435804702,-8.287034358047016,False,0.4979814824580078
400,3136306,João Pinheiro,MG,545,67.102554,63.390003,77.87502242737474,-14.485019427374745,False,74.12844036697248,-10.738437366972484,False,0.2212497757262525
401,5218508,Quirinópolis,GO,544,66.97,69.08,74.66555871108444,-5.585558711084445,False,80.14705882352942,-11.067058823529422,False,0.2533444128891555
402,3135050,Jaíba,MG,536,46.668022,48.75,65.76243429964312,-17.012434299643118,False,60.07462686567165,-11.324626865671647,False,0.342375657003569
403,3512803,Cosmópolis,SP,529,52.95,57.43,58.71513519064504,-1.2851351906450432,False,59.54631379962193,-2.1163137996219277,False,0.4128486480935496
404,2313302,Tauá,CE,527,87.18,80.0,86.87260309015947,-6.872603090159473,False,92.0303605313093,-12.030360531309299,False,0.1312739690984052
405,2203909,Floriano,PI,526,49.16,54.22,55.90639480897719,-1.686394808977191,False,53.61216730038023,0.6078326996197703,True,0.4409360519102281
406,2307601,Limoeiro do Norte,CE,524,87.84,80.0,86.73470588753842,-6.734705887538425,False,89.69465648854961,-9.694656488549612,False,0.1326529411246158
407,2609907,Ouricuri,PE,510,36.16,42.82,52.03053319957915,-9.210533199579153,False,31.372549019607842,11.447450980392158,True,0.4796946680042084
408,3203908,Nova Venécia,ES,505,83.28973,80.0,83.77040747449882,-3.7704074744988247,False,83.56435643564356,-3.5643564356435604,False,0.1622959252550116
409,2930105,Senhor do Bonfim,BA,487,19.93,27.01,29.053463943240487,-2.0434639432404857,False,24.02464065708419,2.9853593429158103,True,0.7094653605675951
410,3501905,Amparo,SP,481,57.092743,56.97,61.31790160894547,-4.34790160894547,False,62.57796257796257,-5.607962577962574,False,0.3868209839105453
411,3505906,Batatais,SP,475,64.963326,64.07,66.05108053773175,-1.9810805377317564,False,58.94736842105262,5.12263157894737,True,0.3394891946226824
412,5003256,Costa Rica,MS,451,38.85,45.24,51.87947211474896,-6.639472114748955,False,54.767184035476724,-9.527184035476722,False,0.4812052788525104
413,2313609,Ubajara,CE,451,96.98,80.0,95.52853297973296,-15.528532979732958,False,95.1219512195122,-15.121951219512198,False,0.0447146702026703
414,3203056,Jaguaré,ES,432,72.19,73.41,77.44569655382902,-4.035696553829027,False,80.78703703703704,-7.3770370370370415,False,0.2255430344617097
415,4114203,Mandaguari,PR,410,85.06,80.0,83.05999488536492,-3.0599948853649153,False,81.70731707317073,-1.707317073170728,False,0.1694000511463509
416,3525102,Jardinópolis,SP,402,58.3,61.9,63.5491854816596,-1.6491854816596003,False,45.77114427860697,16.12885572139303,True,0.364508145183404
417,2601904,Bezerros,PE,401,51.47,56.18,57.16304590556731,-0.9830459055673089,False,56.60847880299252,-0.4284788029925224,False,0.4283695409443269
418,3536703,Pederneiras,SP,400,36.42,43.06,47.16530893150312,-4.105308931503117,False,46.5,-3.4399999999999977,False,0.5283469106849688
419,5209101,Goiatuba,GO,397,68.19,70.09,71.88571198423752,-1.7957119842375135,False,77.58186397984886,-7.491863979848858,False,0.2811428801576249
420,3201605,Conceição da Barra,ES,396,73.81565,74.67,78.64644755247433,-3.976447552474326,False,67.92929292929293,6.740707070707074,True,0.2135355244752567
421,2924405,Pilão Arcado,BA,391,23.899998,31.119999,32.50650631045306,-1.3865073104530623,False,22.50639386189258,8.61360513810742,True,0.6749349368954692
422,5103205,Colíder,MT,383,49.25,54.3,59.24086516404133,-4.940865164041334,False,64.22976501305483,-9.929765013054833,False,0.4075913483595866
423,5101407,Aripuanã,MT,383,60.16,63.44,66.00559733234644,-2.5655973323464423,False,62.66318537859008,0.776814621409919,True,0.3399440266765355
424,3168002,Taiobeiras,MG,380,66.42695,70.99,79.58796640668268,-8.597966406682687,False,85.78947368421052,-14.799473684210525,False,0.204120335933173
425,2605103,Custódia,PE,366,82.05,80.0,81.3862792737378,-1.3862792737377987,False,84.69945355191257,-4.699453551912569,False,0.1861372072626219
426,2300309,Acopiara,CE,365,62.630005,65.49,66.34989836395467,-0.8598983639546702,False,64.38356164383562,1.1064383561643751,True,0.3365010163604534
427,3533502,Novo Horizonte,SP,357,61.56,64.6,66.70046560160146,-2.1004656016014707,False,75.35014005602241,-10.750140056022417,False,0.3329953439839853
428,3202306,Guaçuí,ES,344,74.04,74.96,78.40117044619419,-3.4411704461941923,False,76.74418604651163,-1.7841860465116355,False,0.2159882955380581
429,3202454,Ibatiba,ES,342,80.52,80.0,81.45416689173935,-1.454166891739348,False,82.16374269005848,-2.163742690058484,False,0.1854583310826066
430,1500701,Anajás,PA,339,26.81,34.01,38.32197390703594,-4.3119739070359415,False,34.21828908554572,-0.20828908554572223,False,0.6167802609296407
431,3539509,Pitangueiras,SP,339,62.899998,65.71,67.03828814109094,-1.328288141090951,False,67.2566371681416,-1.5466371681416007,False,0.3296171185890906
432,3512209,Conchal,SP,337,53.98,58.29,58.45860599123763,-0.16860599123763365,False,55.48961424332344,2.8003857566765618,True,0.4154139400876236
433,2306900,Jaguaribe,CE,335,85.97,80.0,86.46648593808209,-6.466485938082087,False,89.25373134328358,-9.253731343283576,False,0.1353351406191791
434,2309409,Novo Oriente,CE,334,98.72,80.0,96.50990777289311,-16.509907772893115,False,100.0,-20.0,False,0.0349009222710687
435,2102002,Bom Jardim,MA,332,94.147865,80.0,81.49397305329002,-1.49397305329002,False,68.67469879518072,11.325301204819283,True,0.1850602694670997
436,2902104,Araci,BA,331,20.27,27.370003,29.25643548042778,-1.8864324804277786,False,24.47129909365558,2.8987039063444193,True,0.7074356451957222
437,3500709,Agudos,SP,330,57.23,61.01,62.3464441773846,-1.3364441773845996,False,65.15151515151516,-4.141515151515158,False,0.376535558226154
438,3162955,São José da Lapa,MG,328,62.41,65.31,76.91872219735716,-11.608722197357153,False,75.3048780487805,-9.994878048780492,False,0.2308127780264284
439,3158953,Santana do Paraíso,MG,328,69.78,71.41,77.88483222524603,-6.474832225246033,False,70.1219512195122,1.2880487804877987,True,0.2211516777475397
440,5001904,Bataguassu,MS,321,37.66,44.18,51.11028472601878,-6.930284726018783,False,52.64797507788161,-8.467975077881611,False,0.4888971527398121
441,2301208,Aracoiaba,CE,317,87.25,80.0,86.56469631923504,-6.56469631923504,False,90.85173501577289,-10.851735015772888,False,0.1343530368076495
442,3204054,Pedro Canário,ES,313,69.10432,70.99,77.4143057926802,-6.424305792680201,False,81.78913738019169,-10.799137380191695,False,0.225856942073198
443,1702208,Araguatins,TO,312,35.15,41.9,53.530774663054345,-11.630774663054346,False,50.641025641025635,-8.741025641025637,False,0.4646922533694565
444,3157203,Santa Bárbara,MG,311,69.91,71.52,77.77875806949264,-6.258758069492643,False,66.55948553054662,4.960514469453372,True,0.2222124193050736
445,3160702,Santos Dumont,MG,306,56.951107,59.950005,67.00191887775819,-7.051913877758189,False,72.54901960784314,-12.599014607843138,False,0.3299808112224182
446,4208500,Ituporanga,SC,298,69.38127,66.76,71.09826103277356,-4.338261032773559,False,72.48322147651007,-5.723221476510062,False,0.2890173896722644
447,2614600,Tabira,PE,298,72.93,74.03,74.49322353381635,-0.46322353381634684,False,69.12751677852349,4.9024832214765155,True,0.2550677646618364
448,2602209,Bom Jardim,PE,297,60.94,64.09,66.22371487224967,-2.1337148722496693,False,69.36026936026936,-5.270269360269353,False,0.3377628512775033
449,1505700,Ponta de Pedras,PA,296,39.28324,45.11,47.11753475611481,-2.007534756114808,False,58.445945945945944,-13.335945945945944,False,0.5288246524388518
450,3303856,Paty do Alferes,RJ,292,66.48,68.68,68.77084270514275,-0.09084270514274806,False,75.34246575342466,-6.662465753424655,False,0.3122915729485724
451,3152006,Pompéu,MG,292,69.223495,67.62,78.98573241696553,-11.365732416965528,False,66.43835616438356,1.1816438356164412,True,0.2101426758303446
452,2312007,Santana do Acaraú,CE,287,99.18,80.0,97.286393299631,-17.286393299631,False,98.25783972125436,-18.257839721254356,False,0.0271360670036902
453,2102101,Brejo,MA,272,50.31,55.2,58.84941331734458,-3.6494133173445746,False,58.08823529411765,-2.8882352941176492,False,0.4115058668265542
454,2106755,Miranda do Norte,MA,270,55.15,59.27,64.58352576380098,-5.313525763800975,False,51.11111111111111,8.158888888888896,True,0.3541647423619902
455,2308906,Morrinhos,CE,269,98.9,80.0,95.5053834716554,-15.505383471655406,False,97.76951672862454,-17.769516728624538,False,0.0449461652834459
456,3109402,Buritizeiro,MG,268,37.7,44.21,63.989133421371356,-19.779133421371355,False,62.68656716417911,-18.47656716417911,False,0.3601086657862864
457,5210109,Ipameri,GO,266,64.1,66.71,69.21493830157128,-2.5049383015712863,False,74.06015037593986,-7.350150375939862,False,0.3078506169842872
458,3511607,Cesário Lange,SP,264,55.7,59.73,60.952674571861145,-1.2226745718611483,False,51.13636363636363,8.593636363636364,True,0.3904732542813885
459,1501204,Baião,PA,261,27.52,34.71,39.08803321265127,-4.3780332126512675,False,39.08045977011494,-4.370459770114941,False,0.6091196678734873
460,2614857,Tamandaré,PE,258,44.9,50.56,52.2786884795283,-1.7186884795282964,False,56.58914728682171,-6.029147286821704,False,0.477213115204717
461,5211206,Itapuranga,GO,258,81.61,80.0,83.44248352854675,-3.442483528546745,False,85.65891472868216,-5.658914728682163,False,0.1655751647145326
462,2310308,Parambu,CE,256,83.15,80.0,84.89388393697637,-4.893883936976366,False,88.28125,-8.28125,False,0.1510611606302363
463,2313104,Tabuleiro do Norte,CE,253,88.99,80.0,88.16602190071883,-8.166021900718832,False,84.18972332015811,-4.189723320158109,False,0.1183397809928117
464,2311108,Porteiras,CE,252,93.46,80.0,94.65621522870558,-14.656215228705577,False,92.06349206349206,-12.063492063492063,False,0.0534378477129442
465,2102200,Buriti,MA,251,44.96,50.62,50.99554286186599,-0.37554286186599484,False,29.08366533864542,21.536334661354577,True,0.49004457138134
466,2111805,Sítio Novo,MA,250,42.39,48.38,53.00455543523337,-4.624555435233368,False,54.0,-5.619999999999997,False,0.4699544456476663
467,3514106,Dois Córregos,SP,249,61.44,64.5,66.9382381887226,-2.4382381887225932,False,57.42971887550201,7.070281124497988,True,0.330617618112774
468,3501301,Álvares Machado,SP,247,53.91,58.23,60.99008482549885,-2.7600848254988506,False,72.46963562753037,-14.239635627530369,False,0.3900991517450115
469,3144003,Mutum,MG,245,73.66408,64.53,77.50054127527928,-12.970541275279274,False,80.0,-15.469999999999999,False,0.2249945872472071
470,3134905,Jacutinga,MG,244,59.84,63.18,76.8522074344498,-13.672207434449795,False,79.50819672131148,-16.32819672131148,False,0.231477925655502
471,2904902,Cachoeira,BA,242,24.85,32.07,33.14202931995578,-1.0720293199557815,False,33.057851239669425,-0.9878512396694248,False,0.6685797068004422
472,2703106,Igaci,AL,242,29.74,36.85,38.14576734367067,-1.2957673436706685,False,23.55371900826446,13.296280991735543,True,0.6185423265632932
473,2706448,Paripueira,AL,232,53.42,57.82,59.26616619466147,-1.4461661946614726,False,35.775862068965516,22.044137931034484,True,0.4073383380533852
474,3101102,Aimorés,MG,232,58.25586,53.9,67.39055332441549,-13.490553324415494,False,62.93103448275862,-9.03103448275862,False,0.326094466755845
475,5002902,Cassilândia,MS,230,37.72,44.229996,48.26165771305704,-4.031661713057041,False,54.78260869565217,-10.552612695652172,False,0.5173834228694296
476,2805604,Porto da Folha,SE,228,25.461843,30.739998,35.621860469672626,-4.881862469672626,False,17.5438596491228,13.196138350877199,True,0.6437813953032737
477,2303402,Carnaubal,CE,226,87.03,80.0,87.24926563244055,-7.249265632440554,False,84.070796460177,-4.070796460176993,False,0.1275073436755944
478,4206702,Herval d'Oeste,SC,225,53.413513,57.65,60.91228155041883,-3.262281550418834,False,62.66666666666667,-5.016666666666673,False,0.3908771844958117
479,2313807,Uruburetama,CE,224,81.36,80.0,82.45392246006584,-2.45392246006584,False,82.14285714285714,-2.142857142857139,False,0.1754607753993415
480,3534609,Osvaldo Cruz,SP,223,58.32,61.92,63.0846199168783,-1.1646199168783014,False,59.19282511210763,2.7271748878923745,True,0.3691538008312169
481,2605400,Feira Nova,PE,219,85.66,80.0,81.08257590942159,-1.0825759094215925,False,83.56164383561644,-3.5616438356164366,False,0.189174240905784
482,4210605,Massaranduba,SC,218,72.18574,72.41,72.68535266280539,-0.27535266280538906,False,76.60550458715596,-4.195504587155966,False,0.2731464733719461
483,5101902,Brasnorte,MT,217,51.92,56.56,58.54253253458095,-1.9825325345809475,False,69.12442396313364,-12.564423963133635,False,0.4145746746541905
484,4127205,Terra Boa,PR,217,85.98,80.0,81.36581023478392,-1.3658102347839218,False,89.40092165898618,-9.400921658986178,False,0.1863418976521608
485,2414209,Tibau do Sul,RN,216,17.6,24.51,37.53095792619199,-13.020957926191986,False,25.46296296296296,-0.9529629629629568,False,0.6246904207380801
486,3535804,Paranapanema,SP,212,49.329998,54.37,55.62209324690739,-1.2520932469073927,False,43.39622641509434,10.973773584905658,True,0.4437790675309261
487,3520103,Igarapava,SP,209,47.11,52.47,54.73763341205466,-2.267633412054664,False,55.980861244019145,-3.5108612440191465,False,0.4526236658794533
488,3132701,Itambacuri,MG,209,53.512154,56.29,68.0734180144974,-11.783418014497407,False,57.89473684210527,-1.6047368421052681,False,0.319265819855026
489,2702355,Craíbas,AL,206,45.7,51.26,57.26995829837678,-6.00995829837678,False,67.96116504854369,-16.701165048543693,False,0.4273004170162321
490,2108454,Peritoró,MA,206,57.3,61.07,64.95058912301648,-3.8805891230164846,False,69.90291262135922,-8.83291262135922,False,0.350494108769835
491,3117504,Conceição do Mato Dentro,MG,206,59.153595,62.26,73.72895969894499,-11.468959698944992,False,80.58252427184466,-18.322524271844664,False,0.2627104030105502
492,3537404,Pereira Barreto,SP,205,66.13,68.39,68.77812379331475,-0.38812379331474745,False,83.90243902439025,-15.512439024390247,False,0.3122187620668525
493,2313955,Varjota,CE,205,99.57,80.0,95.215863999014,-15.215863999014005,False,98.04878048780488,-18.048780487804876,False,0.0478413600098598
494,3129509,Ibiá,MG,204,52.52,57.07,68.67853001197757,-11.608530011977571,False,77.94117647058823,-20.87117647058823,False,0.3132146998802243
495,4105904,Colorado,PR,204,84.01,80.0,81.7633083435233,-1.7633083435233061,False,78.43137254901961,1.5686274509803866,True,0.182366916564767
496,2614006,Serrita,PE,201,53.720005,58.07,60.18049917789286,-2.110499177892862,False,60.19900497512438,-2.1290049751243814,False,0.3981950082210713
497,2313906,Uruoca,CE,200,95.51,80.0,94.907829628527,-14.907829628526997,False,99.0,-19.0,False,0.0509217037147301
498,3529203,Martinópolis,SP,193,53.03,57.49,59.767319077972736,-2.2773190779727344,False,63.212435233160626,-5.722435233160624,False,0.4023268092202726
499,3202207,Fundão,ES,191,61.33,64.41,65.55936887441337,-1.1493688744133692,False,62.82722513089005,1.5827748691099472,True,0.3444063112558664
500,3131158,Ipaba,MG,190,62.959995,65.76,78.13010245705136,-12.37010245705136,False,79.47368421052632,-13.71368421052631,False,0.2186989754294863
501,3501152,Alumínio,SP,189,48.559998,53.709995,56.82624826027147,-3.1162532602714705,False,53.96825396825397,-0.2582589682539691,False,0.4317375173972853
502,3118809,Coração de Jesus,MG,188,76.5158,67.95,79.0142950844499,-11.064295084449896,False,79.25531914893617,-11.305319148936164,False,0.2098570491555011
503,2702108,Colônia Leopoldina,AL,184,84.66,80.0,88.0731900229531,-8.0731900229531,False,73.36956521739131,6.630434782608688,True,0.1192680997704689
504,3535606,Paraibuna,SP,183,63.5,66.21,67.03828814109094,-0.8282881410909511,False,58.46994535519126,7.740054644808737,True,0.3296171185890906
505,2603108,Cachoeirinha,PE,179,56.69,60.56,61.33275452068311,-0.7727545206831081,False,63.687150837988824,-3.1271508379888218,False,0.3866724547931688
506,1600204,Calçoene,AP,178,35.21854,41.81,53.99358340268299,-12.183583402682984,False,39.32584269662921,2.484157303370793,True,0.4600641659731701
507,3162401,São João da Ponte,MG,177,65.62,67.96,79.22621511547418,-11.266215115474182,False,63.2768361581921,4.683163841807897,True,0.2077378488452583
508,2306504,Itapiúna,CE,174,96.14,80.0,95.81441635886846,-15.814416358868456,False,92.52873563218392,-12.528735632183924,False,0.0418558364113155
509,1502855,Curuá,PA,172,37.54,44.07,49.78003443512405,-5.710034435124051,False,42.44186046511627,1.6281395348837293,True,0.5021996556487596
510,2706505,Passo de Camaragibe,AL,172,42.03,48.06,51.62668210130323,-3.566682101303229,False,32.558139534883715,15.501860465116287,True,0.4837331789869676
511,3135803,Jequitinhonha,MG,172,59.15489,49.76,70.05973122841766,-20.299731228417663,False,61.627906976744185,-11.867906976744187,False,0.2994026877158234
512,3202553,Ibitirama,ES,172,73.63855,74.85,80.61525392737141,-5.765253927371418,False,81.97674418604652,-7.126744186046523,False,0.1938474607262858
513,2312106,Santana do Cariri,CE,172,89.48,80.0,90.55722185740727,-10.55722185740727,False,96.51162790697676,-16.511627906976756,False,0.0944277814259271
514,1600808,Vitória do Jari,AP,170,28.7,35.85,44.05996863935882,-8.20996863935882,False,35.88235294117647,-0.032352941176469585,False,0.5594003136064118
515,3115102,Cássia,MG,170,71.34765,72.14,79.32486715268726,-7.184867152687261,False,77.64705882352942,-5.5070588235294196,False,0.2067513284731273
516,2603504,Camocim de São Félix,PE,169,55.710003,59.74,62.7026336301424,-2.962633630142399,False,68.63905325443787,-8.899053254437867,False,0.372973663698576
517,2300150,Acarape,CE,168,78.14,78.41,79.01499457228651,-0.6049945722865147,False,80.95238095238095,-2.5423809523809524,False,0.2098500542771348
518,1720200,São Miguel do Tocantins,TO,165,26.979998,34.18,40.68905830096336,-6.5090583009633605,False,36.96969696969697,-2.789696969696969,False,0.5931094169903663
519,5108055,Terra Nova do Norte,MT,165,58.719997,62.25,66.48240815824707,-4.232408158247068,False,61.81818181818181,0.431818181818187,True,0.3351759184175293
520,4112801,Joaquim Távora,PR,165,85.53,80.0,81.10470841156464,-1.1047084115646442,False,85.45454545454545,-5.454545454545453,False,0.1889529158843537
521,2800670,Boquim,SE,164,24.866098,29.96,32.42797081949638,-2.4679708194963794,False,35.97560975609756,-6.015609756097561,False,0.6757202918050361
522,1714880,Nova Olinda,TO,164,25.450003,32.67,41.01027499160916,-8.340274991609157,False,42.07317073170731,-9.403170731707306,False,0.5898972500839085
523,3301157,Cardoso Moreira,RJ,163,31.94,38.93,39.65293631829241,-0.7229363182924118,False,36.19631901840491,2.733680981595093,True,0.6034706368170759
524,3114402,Carmo do Rio Claro,MG,163,63.200005,65.96,73.62968930146907,-7.669689301469077,False,68.71165644171779,-2.751656441717799,False,0.2637031069853093
525,4209607,Lauro Muller,SC,162,69.972595,66.04,68.15666562162006,-2.116665621620058,False,69.75308641975309,-3.7130864197530826,False,0.3184333437837994
526,3551900,Severínia,SP,161,42.14,48.16,54.52444149486634,-6.364441494866341,False,60.86956521739131,-12.709565217391315,False,0.4547555850513366
527,2708956,Senador Rui Palmeira,AL,159,51.900005,56.54,63.38428012423777,-6.84428012423777,False,57.23270440251572,-0.692704402515723,False,0.3661571987576223
528,2506905,Itabaiana,PB,158,28.54114,32.55,41.93143704412902,-9.381437044129022,False,53.79746835443038,-21.24746835443038,False,0.5806856295587098
529,5106299,Paranaíta,MT,158,60.69,63.88,66.49032452218273,-2.6103245221827294,False,79.74683544303798,-15.866835443037978,False,0.3350967547781727
530,2303006,Caridade,CE,157,96.73,80.0,96.04812879789641,-16.04812879789641,False,98.72611464968152,-18.72611464968152,False,0.0395187120210358
531,2906824,Canudos,BA,156,18.85,25.86,30.59837091608582,-4.73837091608582,False,30.12820512820512,-4.268205128205121,False,0.6940162908391417
532,2100501,Alto Parnaíba,MA,156,46.76,52.17,56.693714753554914,-4.523714753554913,False,52.56410256410257,-0.3941025641025675,False,0.4330628524644508
533,5004106,Guia Lopes da Laguna,MS,155,46.91,52.3,55.85608585224007,-3.5560858522400736,False,65.80645161290323,-13.506451612903234,False,0.4414391414775993
534,3101904,Alpinópolis,MG,155,42.26,48.26,66.86164977359252,-18.60164977359252,False,78.70967741935485,-30.44967741935485,False,0.3313835022640747
535,2805505,Poço Verde,SE,153,30.77,37.82,38.925232675854396,-1.1052326758543956,False,41.17647058823529,-3.3564705882352897,False,0.610747673241456
536,3527405,Lucélia,SP,152,64.53,67.06,68.69165033839893,-1.6316503383989271,False,68.42105263157895,-1.3610526315789429,False,0.3130834966160107
537,5208905,Goiás,GO,152,67.46,69.49,71.93449823072407,-2.4444982307240792,False,87.5,-18.010000000000005,False,0.2806550176927592
538,3169000,Tocantins,MG,152,58.370003,61.96,73.43326058841227,-11.473260588412266,False,71.05263157894737,-9.092631578947369,False,0.2656673941158773
539,3200169,Água Doce do Norte,ES,152,77.35,77.74,79.35128441394389,-1.611284413943892,False,81.57894736842105,-3.83894736842106,False,0.2064871558605611
540,3201704,Conceição do Castelo,ES,152,77.46,77.84,81.85346978258869,-4.013469782588686,False,84.21052631578947,-6.370526315789462,False,0.1814653021741131
541,2505105,Cuité,PB,151,50.66,55.49,56.013376306576035,-0.5233763065760328,False,62.913907284768214,-7.423907284768212,False,0.4398662369342396
542,2700201,Anadia,AL,151,53.44,57.84,64.59746570942927,-6.757465709429269,False,45.033112582781456,12.806887417218547,True,0.3540253429057073
543,3124005,Ervália,MG,151,54.479996,58.71,71.80843166011198,-13.098431660111977,False,85.43046357615894,-26.72046357615894,False,0.2819156833988803
544,2401206,Arês,RN,149,24.75,31.97,39.14841480915071,-7.178414809150709,False,31.54362416107382,0.42637583892618025,True,0.6085158519084929
545,3108909,Brazópolis,MG,149,50.86,55.66,69.69862886521508,-14.038628865215088,False,79.19463087248322,-23.53463087248322,False,0.3030137113478491
546,2204659,Ilha Grande,PI,148,39.89,46.17,48.23352519536573,-2.0635251953657274,False,33.783783783783775,12.386216216216226,True,0.5176647480463427
547,5204706,Campinorte,GO,144,73.78,74.74,75.79451158105634,-1.054511581056346,False,81.94444444444444,-7.204444444444448,False,0.2420548841894365
548,3108404,Botelhos,MG,144,70.55667,67.86,79.40114859013883,-11.541148590138832,False,84.72222222222221,-16.862222222222215,False,0.2059885140986117
549,4121802,Ribeirão Claro,PR,143,74.58,75.41,76.86476023720401,-1.4547602372040132,False,86.01398601398601,-10.603986013986017,False,0.2313523976279598
550,2904704,Buerarema,BA,140,24.27,31.49,33.49617820634072,-2.0061782063407243,False,28.57142857142857,2.918571428571429,True,0.6650382179365928
551,2705804,Olho d'Água do Casado,AL,139,34.23,41.05,43.44504552949398,-2.3950455294939843,False,35.97122302158273,5.078776978417267,True,0.5655495447050601
552,5207907,Flores de Goiás,GO,138,66.75,68.9,75.5009955966008,-6.6009955966007965,False,66.66666666666666,2.2333333333333485,True,0.2449900440339919
553,2202406,Capitão de Campos,PI,137,53.68,58.04,59.469033921964886,-1.429033921964887,False,54.01459854014598,4.025401459854017,True,0.4053096607803511
554,4312708,Nonoai,RS,136,53.3325,48.14,52.189731223291616,-4.049731223291616,False,44.85294117647059,3.2870588235294136,True,0.4781026877670838
555,3127008,Fronteira,MG,135,52.87,57.36,69.69933050216284,-12.339330502162838,False,76.29629629629629,-18.93629629629629,False,0.3030066949783716
556,4124806,São João,PR,134,87.03,80.0,81.42045737058801,-1.4204573705880108,False,87.31343283582089,-7.31343283582089,False,0.1857954262941199
557,4126504,Sertanópolis,PR,133,66.76,68.91,69.12532859088492,-0.21532859088492273,False,60.902255639097746,8.007744360902251,True,0.3087467140911508
558,4114005,Mamborê,PR,133,93.95,80.0,80.73412866788162,-0.7341286678816203,False,75.18796992481202,4.812030075187977,True,0.1926587133211837
559,1713304,Miranorte,TO,132,52.55,57.09,58.51814351044553,-1.4281435104455298,False,63.63636363636363,-6.54636363636363,False,0.4148185648955447
560,4112702,Jataizinho,PR,132,62.399998,65.3,66.31156554376314,-1.0115655437631403,False,61.36363636363637,3.9363636363636303,True,0.3368843445623686
561,5221700,Uruana,GO,132,75.58,76.25,79.41456672036928,-3.1645667203692796,False,97.72727272727272,-21.47727272727272,False,0.2058543327963072
562,3164605,São Sebastião do Oeste,MG,130,71.5,72.84,77.46104040105939,-4.621040401059389,False,76.92307692307693,-4.083076923076931,False,0.2253895959894061
563,4207908,Irineópolis,SC,129,71.82,73.1,74.20871866303233,-1.1087186630323345,False,79.84496124031007,-6.744961240310076,False,0.2579128133696767
564,5203559,Bonfinópolis,GO,123,58.03,61.67,64.81616743544876,-3.14616743544876,False,86.1788617886179,-24.508861788617892,False,0.3518383256455124
565,2611533,Quixaba,PE,123,80.26,80.0,82.06111567823451,-2.061115678234515,False,86.99186991869918,-6.99186991869918,False,0.1793888432176548
566,2201101,Avelino Lopes,PI,122,40.98,47.14,49.062358481065175,-1.9223584810651744,False,45.08196721311475,2.0580327868852493,True,0.5093764151893483
567,4201505,Armazém,SC,122,78.23573,72.02,74.53866593445773,-2.5186659344577293,False,79.50819672131148,-7.488196721311482,False,0.2546133406554227
568,3135506,Jequeri,MG,122,61.721962,61.2,76.00497655442409,-14.804976554424087,False,85.24590163934425,-24.04590163934425,False,0.2399502344557591
569,1716208,Paranã,TO,120,42.279995,48.279995,53.16065159711489,-4.880656597114893,False,68.33333333333333,-20.05333833333333,False,0.468393484028851
570,2607703,Itapetim,PE,120,65.28,67.68,67.93984663337721,-0.25984663337720804,False,89.16666666666667,-21.486666666666665,False,0.3206015336662278
571,2107605,Palmeirândia,MA,119,42.07,48.1,51.26194645833311,-3.161946458333105,False,70.58823529411765,-22.48823529411765,False,0.4873805354166689
572,5106109,Nossa Senhora do Livramento,MT,119,68.38807,70.38,71.84207010726068,-1.4620701072606863,False,80.67226890756302,-10.292268907563027,False,0.2815792989273932
573,5206404,Crixás,GO,119,66.73,68.88,74.41365177281962,-5.533651772819624,False,78.99159663865547,-10.11159663865547,False,0.2558634822718039
574,5217203,Piranhas,GO,119,78.1,78.38,80.45846310598408,-2.078463105984085,False,69.74789915966386,8.632100840336136,True,0.1954153689401592
575,2110302,Santo Antônio dos Lopes,MA,115,52.71,57.229996,58.39952018836813,-1.169524188368129,False,73.04347826086956,-15.813482260869563,False,0.4160047981163187
576,5200555,Alto Horizonte,GO,115,66.64,68.81,75.71593532199601,-6.905935321996012,False,72.17391304347827,-3.363913043478263,False,0.2428406467800398
577,4206207,Gravatal,SC,114,53.91912,57.159996,57.6392503179944,-0.4792543179944033,False,65.78947368421053,-8.629477684210535,False,0.4236074968200559
578,2500700,São João do Rio do Peixe,PB,113,42.09,48.11,53.21869138224352,-5.108691382243521,False,73.45132743362832,-25.341327433628322,False,0.4678130861775648
579,2406106,Jucurutu,RN,112,28.916428,34.74,39.53867685489135,-4.798676854891347,False,46.42857142857143,-11.688571428571429,False,0.6046132314510864
580,2206100,Matias Olímpio,PI,111,24.43,31.65,41.57623862913254,-9.926238629132541,False,52.25225225225225,-20.60225225225225,False,0.5842376137086747
581,2516102,Soledade,PB,111,33.51,40.39,49.70224443827759,-9.312244438277588,False,46.84684684684684,-6.456846846846837,False,0.502977555617224
582,2312601,São Luís do Curu,CE,111,81.66,80.0,81.62058028037276,-1.6205802803727636,False,65.76576576576578,14.234234234234222,True,0.1837941971962724
583,3134707,Jacinto,MG,109,45.37,50.97,67.95727445942023,-16.987274459420235,False,55.96330275229357,-4.993302752293573,False,0.3204272554057976
584,3134004,Itinga,MG,108,42.647495,56.85,65.72666887373725,-8.876668873737252,False,58.333333333333336,-1.4833333333333343,False,0.3427333112626275
585,5107180,Ribeirão Cascalheira,MT,108,63.42,66.14,68.04959496636471,-1.9095949663647076,False,71.29629629629629,-5.15629629629629,False,0.3195040503363529
586,3201100,Bom Jesus do Norte,ES,108,67.14,69.22,73.89848900342858,-4.678489003428581,False,66.66666666666666,2.5533333333333417,True,0.2610151099657141
587,2309102,Mulungu,CE,108,85.81,80.0,84.83939620318716,-4.839396203187164,False,88.88888888888889,-8.888888888888886,False,0.1516060379681283
588,2804904,Pacatuba,SE,106,16.9,23.74,30.08554462216631,-6.345544622166312,False,30.18867924528302,-6.448679245283021,False,0.6991445537783368
589,3537206,Pedro de Toledo,SP,106,35.12,41.87,47.007659933934036,-5.137659933934039,False,46.226415094339615,-4.356415094339617,False,0.5299234006606597
590,2503555,Cacimbas,PB,105,32.54,39.49,49.87415909072974,-10.384159090729739,False,47.61904761904761,-8.129047619047611,False,0.5012584090927025
591,3539400,Piratininga,SP,102,48.91,54.01,55.988511742912394,-1.9785117429123957,False,44.11764705882353,9.892352941176469,True,0.440114882570876
592,3131802,Itabirinha,MG,102,64.78,67.27,75.01217951435429,-7.742179514354291,False,83.33333333333334,-16.063333333333347,False,0.2498782048564571
593,5216304,Paranaiguara,GO,102,85.71,80.0,83.63915284231331,-3.639152842313308,False,97.05882352941177,-17.058823529411768,False,0.1636084715768669
594,3160306,Santo Antônio do Jacinto,MG,101,62.95,65.75,71.64206181265247,-5.8920618126524715,False,65.34653465346535,0.40346534653464516,True,0.2835793818734753
595,5205901,Corumbaíba,GO,101,71.44,72.79,78.904768575991,-6.114768575990993,False,82.17821782178217,-9.388217821782163,False,0.21095231424009
596,5214051,Mundo Novo,GO,101,96.18,80.0,87.13624814944589,-7.1362481494458905,False,94.05940594059405,-14.059405940594047,False,0.128637518505541
597,2209203,Santa Filomena,PI,100,27.74,34.92,46.60711711516155,-11.687117115161548,False,62.0,-27.08,False,0.5339288288483844
598,5103858,Gaúcha do Norte,MT,100,45.03,50.68,54.708729426191695,-4.0287294261916955,False,60.0,-9.32,False,0.452912705738083
599,2409100,Passa e Fica,RN,99,24.57,31.790003,40.38920739976753,-8.59920439976753,False,43.43434343434343,-11.644340434343434,False,0.5961079260023247
600,3122355,Divisa Alegre,MG,99,50.929996,55.72,72.54056393784111,-16.820563937841115,False,63.63636363636363,-7.916363636363634,False,0.2745943606215888
601,3204500,Santa Leopoldina,ES,99,83.8,80.0,83.14656217925001,-3.1465621792500116,False,73.73737373737373,6.26262626262627,True,0.1685343782074999
602,3537503,Pereiras,SP,98,51.389996,56.110004,58.88714204018613,-2.7771380401861236,False,67.3469387755102,-11.236934775510193,False,0.4111285795981387
603,3170503,Urucânia,MG,96,45.291565,59.62,69.44236968260606,-9.822369682606059,False,81.25,-21.630000000000003,False,0.3055763031739395
604,5213707,Montes Claros de Goiás,GO,96,66.57,68.75,70.42701741002372,-1.6770174100237227,False,75.0,-6.25,False,0.2957298258997628
605,3124401,Espírito Santo do Dourado,MG,96,66.49,68.68,78.46843501298405,-9.788435012984039,False,66.66666666666666,2.0133333333333496,True,0.2153156498701596
606,3204658,São Domingos do Norte,ES,96,88.07,80.0,83.42586202931402,-3.4258620293140183,False,85.41666666666666,-5.416666666666657,False,0.1657413797068596
607,3150570,Pintópolis,MG,95,47.969997,53.209995,68.14335478687981,-14.933359786879812,False,64.21052631578948,-11.00053131578948,False,0.3185664521312018
608,3170529,Urucuia,MG,95,56.93,60.76,72.3134571468978,-11.553457146897806,False,67.36842105263158,-6.608421052631577,False,0.2768654285310219
609,2802403,Gararu,SE,94,19.42,26.47,31.023268281579693,-4.553268281579694,False,37.234042553191486,-10.764042553191487,False,0.689767317184203
610,2205557,Lagoa Alegre,PI,94,21.65,28.81,42.26075139280544,-13.45075139280544,False,58.51063829787234,-29.70063829787234,False,0.5773924860719456
611,2704807,Maribondo,AL,94,46.59,52.02,57.08717815066453,-5.067178150664525,False,41.48936170212766,10.530638297872343,True,0.4291282184933547
612,3142205,Miraí,MG,94,94.34373,80.0,82.49468219954757,-2.4946821995475688,False,78.72340425531915,1.2765957446808471,True,0.1750531780045242
613,2708204,São Brás,AL,93,67.19,69.26,72.2923332606899,-3.032333260689896,False,70.96774193548387,-1.7077419354838668,False,0.2770766673931009
614,3109105,Bueno Brandão,MG,93,63.01,65.8,75.91124093418448,-10.11124093418448,False,82.79569892473118,-16.995698924731187,False,0.2408875906581552
615,3103900,Araújos,MG,93,74.0,74.92,79.81682624142056,-4.8968262414205554,False,90.32258064516128,-15.40258064516128,False,0.2018317375857945
616,2104503,Governador Archer,MA,93,88.98,80.0,80.4692737129027,-0.46927371290270514,False,78.49462365591397,1.5053763440860308,True,0.195307262870973
617,3112000,Candeias,MG,93,88.88,80.0,80.91141397337675,-0.911413973376753,False,90.32258064516128,-10.322580645161281,False,0.1908858602662324
618,3506300,Bernardino de Campos,SP,92,68.33,70.21,70.66534606016887,-0.45534606016887835,False,47.82608695652174,22.383913043478252,True,0.2933465393983112
619,3101631,Alfredo Vasconcelos,MG,92,72.01,73.26,79.0617234537765,-5.801723453776489,False,78.26086956521739,-5.000869565217386,False,0.209382765462235
620,2306207,Itaiçaba,CE,92,91.32001,80.0,93.18045946018172,-13.180459460181723,False,96.73913043478261,-16.73913043478261,False,0.0681954053981828
621,2802304,Frei Paulo,SE,91,19.23,26.27,31.243076959143778,-4.9730769591437785,False,37.36263736263736,-11.092637362637358,False,0.6875692304085621
622,3162948,São José da Barra,MG,91,85.61,80.0,81.51309130179285,-1.513091301792855,False,72.52747252747253,7.472527472527474,True,0.1848690869820715
623,5007505,Rochedo,MS,90,38.71,45.12,48.54549223801224,-3.4254922380122395,False,50.0,-4.880000000000003,False,0.5145450776198776
624,4118857,Perobal,PR,90,57.6,61.32,63.70815018068231,-2.3881501806823096,False,70.0,-8.68,False,0.3629184981931769
625,5220504,Serranópolis,GO,90,54.470005,58.7,65.14232074933345,-6.442320749333447,False,66.66666666666666,-7.966666666666654,False,0.3485767925066655
626,3142601,Monsenhor Paulo,MG,89,62.689995,65.54,74.41829020600001,-8.878290206000003,False,78.65168539325843,-13.111685393258426,False,0.2558170979399999
627,4126207,Sapopema,PR,89,73.32,74.36,74.79321025999347,-0.43321025999347285,False,83.14606741573034,-8.786067415730344,False,0.2520678974000653
628,2305332,Ibicuitinga,CE,89,96.12999,80.0,94.73929150932214,-14.739291509322143,False,96.62921348314609,-16.62921348314609,False,0.0526070849067785
629,2504157,Casserengue,PB,87,47.97,53.21,54.483533396998816,-1.2735333969988147,False,58.620689655172406,-5.410689655172405,False,0.4551646660300119
630,3538501,Piquete,SP,87,65.49,67.86,69.4269602184627,-1.5669602184626967,False,70.11494252873564,-2.25494252873564,False,0.305730397815373
631,3164209,São Romão,MG,86,50.94,55.729996,70.73074986981933,-15.000753869819334,False,77.90697674418605,-22.176980744186054,False,0.2926925013018067
632,3514809,Eldorado,SP,85,62.33,65.24,67.70931398962607,-2.469313989626073,False,75.29411764705883,-10.054117647058831,False,0.3229068601037393
633,2304608,General Sampaio,CE,85,94.2,80.0,93.3778742671042,-13.377874267104204,False,97.64705882352939,-17.64705882352939,False,0.0662212573289581
634,2404408,Grossos,RN,84,50.963455,46.65,54.14379192393866,-7.493791923938659,False,66.66666666666666,-20.01666666666666,False,0.4585620807606134
635,1701903,Araguacema,TO,84,38.62,45.04,55.146401261234566,-10.106401261234566,False,50.0,-4.960000000000001,False,0.4485359873876543
636,3171709,Virgínia,MG,84,57.94,61.6,76.41104573936508,-14.811045739365078,False,73.80952380952381,-12.209523809523809,False,0.2358895426063492
637,2308807,Moraújo,CE,84,98.91,80.0,96.35778360809928,-16.357783608099282,False,92.85714285714286,-12.857142857142861,False,0.0364221639190072
638,3553856,Taquarivaí,SP,83,62.06,65.02,67.12427958077099,-2.104279580770992,False,46.98795180722891,18.032048192771086,True,0.3287572041922901
639,2603405,Calumbi,PE,83,74.41,75.27,76.11697285416132,-0.8469728541613222,False,86.74698795180723,-11.476987951807232,False,0.2388302714583868
640,4111555,Ivaté,PR,83,84.34,80.0,81.68721135040748,-1.6872113504074804,False,77.10843373493977,2.8915662650602343,True,0.1831278864959251
641,4118709,Paulo Frontin,PR,83,90.71,80.0,82.79608110890378,-2.7960811089037776,False,84.33734939759037,-4.337349397590373,False,0.1720391889109622
642,1101203,Ministro Andreazza,RO,82,72.5,73.67,75.73603724739696,-2.066037247396963,False,69.51219512195121,4.157804878048793,True,0.2426396275260303
643,3549508,São José da Bela Vista,SP,81,47.63,52.91,53.69909901653591,-0.7890990165359142,False,50.617283950617285,2.2927160493827117,True,0.4630090098346409
644,5202502,Aruanã,GO,81,79.82,79.85,81.07334015156707,-1.223340151567072,False,90.12345679012346,-10.273456790123461,False,0.1892665984843292
645,2405009,Jaçanã,RN,79,48.753796,52.38,52.39184921503909,-0.011849215039084982,False,43.0379746835443,9.342025316455704,True,0.4760815078496092
646,2505709,Dona Inês,PB,79,48.88,53.98,58.07546169947412,-4.0954616994741215,False,96.20253164556962,-42.222531645569624,False,0.4192453830052589
647,5006259,Novo Horizonte do Sul,MS,79,47.37,52.69,60.09328764689567,-7.40328764689567,False,78.48101265822784,-25.791012658227842,False,0.3990671235310433
648,5212105,Joviânia,GO,79,57.9,61.569996,64.42106548114714,-2.8510694811471353,False,67.08860759493672,-5.518611594936715,False,0.3557893451885285
649,2703007,Ibateguara,AL,79,93.46,80.0,90.12638010633665,-10.126380106336654,False,54.43037974683544,25.569620253164558,True,0.0987361989366334
650,2911006,Floresta Azul,BA,78,15.12,21.74,26.421071486207182,-4.681071486207184,False,41.02564102564102,-19.285641025641024,False,0.7357892851379282
651,1101807,Vale do Paraíso,RO,78,55.69,59.72,60.03810866511719,-0.3181086651171938,False,43.58974358974359,16.130256410256408,True,0.399618913348828
652,3106408,Belo Vale,MG,78,93.05,80.0,82.82294721520836,-2.822947215208359,False,97.43589743589745,-17.435897435897445,False,0.1717705278479163
653,1700301,Aguiarnópolis,TO,77,25.2,32.42,43.50257322236366,-11.082573222363656,False,40.25974025974026,-7.83974025974026,False,0.5649742677763634
654,1720101,São Bento do Tocantins,TO,76,43.97,49.76,52.46295821515412,-2.702958215154119,False,52.63157894736842,-2.8715789473684197,False,0.4753704178484587
655,4100103,Abatiá,PR,76,56.08,60.05,60.620971476960506,-0.5709714769605085,False,60.526315789473685,-0.4763157894736878,False,0.3937902852303949
656,2703403,Jacaré dos Homens,AL,75,38.18,44.64,52.99636502650269,-8.356365026502687,False,54.666666666666664,-10.026666666666664,False,0.4700363497349731
657,2709004,Tanque d'Arca,AL,75,42.05,48.08,54.2425716976247,-6.162571697624699,False,53.333333333333336,-5.253333333333337,False,0.457574283023753
658,4203154,Calmon,SC,75,62.96,65.76,66.36559901765486,-0.6055990176548534,False,58.666666666666664,7.093333333333341,True,0.3363440098234513
659,3548609,São Bento do Sapucaí,SP,75,61.94,64.92,67.62221396029297,-2.7022139602929656,False,58.666666666666664,6.253333333333337,True,0.3237778603970703
660,3118205,Conquista,MG,75,68.73,70.54,74.12916654214763,-3.5891665421476233,False,65.33333333333333,5.206666666666678,True,0.2587083345785237
661,1706001,Couto Magalhães,TO,74,48.18,53.39,56.381627441199434,-2.9916274411994337,False,48.64864864864865,4.741351351351348,True,0.4361837255880056
662,2104081,Fernando Falcão,MA,73,29.89,36.99,56.416260475782046,-19.426260475782044,False,79.45205479452055,-42.46205479452055,False,0.4358373952421795
663,5102694,Canabrava do Norte,MT,73,34.68,41.47,57.02635664956887,-15.556356649568869,False,78.08219178082192,-36.61219178082192,False,0.4297364335043113
664,3164472,São Sebastião do Anta,MG,73,58.190002,61.809998,72.7241615782319,-10.9141635782319,False,82.1917808219178,-20.381782821917803,False,0.272758384217681
665,5208301,Divinópolis de Goiás,GO,73,79.91,79.92,81.03916207102229,-1.1191620710222878,False,80.82191780821918,-0.9019178082191814,False,0.1896083792897771
666,2111573,São Pedro dos Crentes,MA,72,40.27,46.51,49.89861123792509,-3.3886112379250903,False,59.72222222222222,-13.212222222222223,False,0.5010138876207492
667,5103437,Curvelândia,MT,71,33.24,40.14,47.39190675129882,-7.251906751298819,False,92.95774647887323,-52.81774647887323,False,0.5260809324870117
668,3165206,São Thomé das Letras,MG,71,86.91831,80.0,80.91574765068611,-0.9157476506861144,False,90.14084507042254,-10.140845070422543,False,0.1908425234931389
669,3169802,Turvolândia,MG,70,61.67,64.7,75.35017689044155,-10.650176890441543,False,67.14285714285714,-2.442857142857136,False,0.2464982310955845
670,1100601,Cacaulândia,RO,68,54.63,58.84,61.343225955518996,-2.5032259555189924,False,79.41176470588235,-20.571764705882345,False,0.38656774044481
671,3127305,Galiléia,MG,68,47.26,52.6,64.04345642869204,-11.443456428692038,False,63.23529411764706,-10.635294117647057,False,0.3595654357130796
672,2208106,Pimenteiras,PI,68,60.509995,63.730003,64.06996726567175,-0.3399642656717461,False,61.76470588235294,1.9652971176470615,True,0.3593003273432824
673,3512902,Cosmorama,SP,68,94.57,80.0,86.3027133650811,-6.302713365081104,False,55.88235294117647,24.11764705882353,True,0.1369728663491889
674,2310951,Pires Ferreira,CE,68,99.14,80.0,93.5590355456544,-13.559035545654396,False,100.0,-20.0,False,0.0644096445434561
675,5106000,Nortelândia,MT,67,47.48,52.79,58.95640594865371,-6.166405948653711,False,65.67164179104478,-12.881641791044778,False,0.4104359405134629
676,2505238,Cuité de Mamanguape,PB,65,10.33,16.05,41.43140583747932,-25.381405837479317,False,23.07692307692307,-7.026923076923069,False,0.5856859416252067
677,2209708,São Francisco do Piauí,PI,65,58.13,61.76,62.00936354969121,-0.24936354969121055,False,64.61538461538461,-2.855384615384615,False,0.3799063645030879
678,3545704,Santa Albertina,SP,65,65.6,67.95,70.29944284195177,-2.3494428419517703,False,58.46153846153847,9.488461538461536,True,0.2970055715804822
679,2202752,Colônia do Gurguéia,PI,64,54.43,58.67,60.33538137899399,-1.6653813789939917,False,89.0625,-30.3925,False,0.3966461862100601
680,4201901,Aurora,SC,64,72.1875,65.45,68.20635982542146,-2.7563598254214554,False,76.5625,-11.112499999999997,False,0.3179364017457854
681,5220157,São Luíz do Norte,GO,64,75.36,76.07,79.93478804586049,-3.864788045860493,False,85.9375,-9.867500000000007,False,0.2006521195413951
682,2403301,Encanto,RN,63,47.53,52.83,56.163170426016706,-3.333170426016707,False,66.66666666666666,-13.836666666666659,False,0.4383682957398329
683,2200103,Agricolândia,PI,63,32.61,39.55,59.02295627063987,-19.47295627063987,False,60.317460317460316,-20.76746031746032,False,0.4097704372936013
684,3120151,Crisólita,MG,63,52.99,57.46,70.46283071747476,-13.002830717474758,False,49.206349206349195,8.253650793650806,True,0.2953716928252525
685,2210938,Sussuapara,PI,62,27.08,34.28,45.36868507950675,-11.088685079506746,False,56.451612903225815,-22.171612903225814,False,0.5463131492049323
686,3101805,Alpercata,MG,62,46.13,51.63,62.42336424085184,-10.793364240851837,False,70.96774193548387,-19.33774193548387,False,0.3757663575914816
687,3108107,Bonfim,MG,62,69.27,70.99,75.25364446806334,-4.263644468063347,False,87.09677419354838,-16.10677419354839,False,0.2474635553193666
688,2902252,Arataca,BA,61,16.86,23.69,29.544811290390737,-5.854811290390735,False,13.11475409836065,10.57524590163935,True,0.7045518870960926
689,5106455,Planalto da Serra,MT,61,58.62,62.17,70.5274159311675,-8.357415931167495,False,90.16393442622952,-27.993934426229515,False,0.2947258406883249
690,3121803,Dionísio,MG,61,82.4,80.0,80.65284136599134,-0.6528413659913355,False,72.1311475409836,7.868852459016395,True,0.1934715863400866
691,2804706,Nossa Senhora de Lourdes,SE,60,19.15,26.18,29.70563748689088,-3.5256374868908793,False,58.333333333333336,-32.153333333333336,False,0.7029436251310912
692,2513208,Santa Cruz,PB,60,52.79,57.29,57.978632147032826,-0.6886321470328269,False,86.66666666666667,-29.376666666666672,False,0.4202136785296717
693,3129608,Ibiaí,MG,60,56.95,60.779995,74.7880440119183,-14.008049011918303,False,76.66666666666667,-15.886671666666672,False,0.252119559880817
694,2411403,Santana do Matos,RN,59,39.617966,28.87,50.41174517871425,-21.541745178714248,False,59.32203389830508,-30.45203389830508,False,0.4958825482128575
695,4207684,Ipuaçu,SC,59,59.49,62.89,66.09062978412945,-3.200629784129447,False,77.96610169491525,-15.076101694915252,False,0.3390937021587055
696,4106555,Corumbataí do Sul,PR,58,87.28,80.0,81.64740991006333,-1.647409910063331,False,87.93103448275862,-7.931034482758619,False,0.1835259008993667
697,4122800,Salgado Filho,PR,58,89.42,80.0,82.10593396430932,-2.1059339643093153,False,93.10344827586208,-13.103448275862078,False,0.1789406603569068
698,1703867,Cariri do Tocantins,TO,57,15.77,22.48,41.37727361823054,-18.89727361823054,False,52.63157894736842,-30.151578947368417,False,0.5862272638176946
699,5107578,Rondolândia,MT,57,58.447723,36.18,64.33136551634465,-28.151365516344647,False,50.877192982456144,-14.697192982456144,False,0.3566863448365534
700,4120200,Porto Rico,PR,57,60.4,63.64,65.82170406669626,-2.1817040666962555,False,71.9298245614035,-8.289824561403506,False,0.3417829593330375
701,3149606,Pequi,MG,57,64.18,66.77,79.27773248559535,-12.507732485595355,False,80.7017543859649,-13.931754385964908,False,0.2072226751440464
702,1717008,Pindorama do Tocantins,TO,56,47.41,52.73,55.999518998346176,-3.2695189983461788,False,33.92857142857143,18.801428571428566,True,0.4400048100165382
703,3201803,Divino de São Lourenço,ES,56,46.09,51.59,60.76285608108585,-9.172856081085847,False,82.14285714285714,-30.552857142857135,False,0.3923714391891414
704,2202554,Caridade do Piauí,PI,56,61.420002,64.49,65.02212910588632,-0.5321291058863267,False,58.92857142857143,5.561428571428564,True,0.3497787089411369
705,3530904,Mombuca,SP,56,55.829998,59.84,65.54752830075647,-5.707528300756465,False,75.0,-15.159999999999997,False,0.3445247169924353
706,3101201,Aiuruoca,MG,56,55.3,59.4,73.93342708019837,-14.533427080198372,False,85.71428571428571,-26.31428571428571,False,0.2606657291980163
707,3155108,Rio do Prado,MG,55,52.94,57.42,71.29996628642917,-13.879966286429166,False,76.36363636363637,-18.943636363636372,False,0.2870003371357084
708,3115706,Central de Minas,MG,55,71.27,72.65,80.3397364976217,-7.689736497621695,False,72.72727272727273,-0.07727272727272805,False,0.1966026350237829
709,2509156,Marizópolis,PB,55,100.0,80.0,83.50216143796195,-3.502161437961945,False,98.18181818181819,-18.181818181818187,False,0.1649783856203806
710,2513158,Santa Cecília,PB,54,13.38,19.74,42.275535362794045,-22.535535362794047,False,48.14814814814814,-28.40814814814814,False,0.5772446463720595
711,3507159,Bom Sucesso de Itararé,SP,54,56.32,60.25,64.79231993913787,-4.542319939137869,False,55.55555555555556,4.694444444444443,True,0.3520768006086213
712,3127206,Funilândia,MG,54,57.071114,56.12,72.15576899742065,-16.035768997420654,False,68.51851851851852,-12.398518518518522,False,0.2784423100257935
713,1101484,São Felipe D'Oeste,RO,53,53.34,57.760002,61.62505417846782,-3.8650521784678205,False,77.35849056603774,-19.598488566037744,False,0.3837494582153218
714,3168309,Taquaraçu de Minas,MG,53,66.07,68.34,77.11511001109966,-8.775110011099656,False,94.33962264150944,-25.999622641509433,False,0.2288488998890034
715,3140100,Marilac,MG,53,63.09,65.87,77.80758056430575,-11.937580564305748,False,54.71698113207547,11.153018867924537,True,0.2219241943569424
716,3142304,Moeda,MG,53,77.89,78.19999,79.20528630555692,-1.005296305556925,False,90.56603773584906,-12.366047735849065,False,0.2079471369444307
717,3121902,Divinésia,MG,52,43.0,48.91,59.274391144607065,-10.364391144607069,False,75.0,-26.090000000000003,False,0.4072560885539293
718,3134301,Itumirim,MG,52,61.35923,62.66,75.95347392858875,-13.293473928588753,False,82.6923076923077,-20.032307692307697,False,0.2404652607141124
719,3162252,São João da Lagoa,MG,51,49.97,54.91,70.67618734217314,-15.76618734217314,False,78.43137254901961,-23.521372549019617,False,0.2932381265782686
720,2507606,Juarez Távora,PB,50,28.86,36.0,50.237275089653465,-14.237275089653465,False,34.0,2.0,True,0.4976272491034653
721,3105004,Baldim,MG,50,74.25,75.13,78.02665110894972,-2.896651108949726,False,90.0,-14.870000000000005,False,0.2197334889105028
722,3127339,Gameleiras,MG,49,62.865917,47.75,75.61630163069088,-27.866301630690884,False,65.3061224489796,-17.556122448979593,False,0.2438369836930911
723,2206704,Nazaré do Piauí,PI,48,46.930004,52.31,55.2665452929059,-2.9565452929059006,False,39.58333333333333,12.726666666666674,True,0.4473345470709409
724,1600550,Pracuúba,AP,48,36.41,43.05,57.36192584819039,-14.311925848190391,False,29.166666666666668,13.88333333333333,True,0.4263807415180961
725,3144375,Natalândia,MG,48,49.23,54.28,69.38103962033671,-15.101039620336707,False,64.58333333333334,-10.303333333333342,False,0.3061896037966329
726,2403400,Equador,RN,47,20.52,27.64,41.974724863525296,-14.334724863525295,False,59.57446808510638,-31.93446808510638,False,0.580252751364747
727,2111631,São Raimundo do Doca Bezerra,MA,47,56.29,60.22,62.84013169205459,-2.620131692054592,False,55.319148936170215,4.9008510638297835,True,0.3715986830794541
728,3529609,Meridiano,SP,46,67.27,69.33,73.30710214611669,-3.9771021461166924,False,67.3913043478261,1.9386956521739052,True,0.2669289785388332
729,5204557,Caldazinha,GO,46,72.02,73.27,77.99480096800993,-4.72480096800993,False,60.86956521739131,12.400434782608684,True,0.2200519903199007
730,5201603,Araçu,GO,46,77.27,77.68,79.69846129543876,-2.0184612954387546,False,93.47826086956522,-15.798260869565212,False,0.2030153870456124
731,2209872,São João da Fronteira,PI,45,26.94,34.14,42.23649114027297,-8.096491140272967,False,44.44444444444444,-10.304444444444442,False,0.5776350885972703
732,3533205,Nova Independência,SP,45,49.79,54.76,57.99559549673625,-3.235595496736252,False,88.88888888888889,-34.12888888888889,False,0.4200440450326375
733,3157302,Santa Bárbara do Tugúrio,MG,45,50.6,55.440002,69.5212128667828,-14.081210866782804,False,91.11111111111111,-35.671109111111114,False,0.3047878713321719
734,5208103,Formoso,GO,45,70.81,72.26,73.25502527976833,-0.9950252797683277,False,86.66666666666667,-14.406666666666666,False,0.2674497472023167
735,3158805,Santana do Jacaré,MG,45,76.26,76.82,80.20457268413125,-3.384572684131257,False,86.66666666666667,-9.846666666666678,False,0.1979542731586875
736,2203354,Dirceu Arcoverde,PI,44,33.24,40.14,49.63288845276139,-9.492888452761392,False,11.36363636363636,28.77636363636364,True,0.5036711154723861
737,5206503,Cromínia,GO,44,55.88,59.88,60.32916505713216,-0.4491650571321557,False,72.72727272727273,-12.847272727272731,False,0.3967083494286783
738,3140605,Materlândia,MG,44,37.11,43.68,67.96956492581047,-24.289564925810474,False,27.27272727272727,16.40727272727273,True,0.3203043507418952
739,5221007,Taquaral de Goiás,GO,44,69.59,71.25,77.14647133578836,-5.8964713357883625,False,75.0,-3.75,False,0.2285352866421163
740,2405207,Janduís,RN,43,30.633022,30.69,43.87597043034306,-13.185970430343058,False,37.20930232558139,-6.519302325581389,False,0.5612402956965694
741,2206050,Massapê do Piauí,PI,43,45.94,51.46,53.94204930904334,-2.48204930904334,False,60.46511627906976,-9.00511627906976,False,0.4605795069095666
742,3534005,Onda Verde,SP,43,47.09,52.45,56.052759592755244,-3.602759592755241,False,74.4186046511628,-21.968604651162792,False,0.4394724040724476
743,5107743,Santa Cruz do Xingu,MT,42,53.52,57.91,58.01695879907647,-0.1069587990764731,False,73.80952380952381,-15.899523809523814,False,0.4198304120092353
744,2412807,São Rafael,RN,41,19.8,26.88,43.1151489916633,-16.235148991663298,False,29.268292682926827,-2.388292682926828,False,0.5688485100833669
745,2402808,Coronel Ezequiel,RN,40,40.66,46.85,51.62710971193639,-4.77710971193639,False,32.5,14.350000000000001,True,0.4837289028806361
746,3502408,Anhumas,SP,40,66.98,69.09,70.63994869333969,-1.5499486933396867,False,57.49999999999999,11.59000000000001,True,0.293600513066603
747,5207600,Fazenda Nova,GO,39,96.67,80.0,87.39063045078777,-7.390630450787768,False,100.0,-20.0,False,0.1260936954921223
748,2513604,Santana dos Garrotes,PB,38,32.69,39.63,48.94742045248782,-9.317420452487816,False,52.63157894736842,-13.001578947368415,False,0.5105257954751218
749,3158508,Santana de Pirapama,MG,37,44.58,50.29,62.70462725630333,-12.414627256303334,False,64.86486486486487,-14.574864864864871,False,0.3729537274369666
750,5219506,Santa Rosa de Goiás,GO,37,80.22,80.0,82.62395615140939,-2.623956151409388,False,100.0,-20.0,False,0.1737604384859061
751,5221452,Trombas,GO,37,90.94,80.0,84.8954448803181,-4.895444880318095,False,94.59459459459461,-14.59459459459461,False,0.151045551196819
752,4106852,Cruzmaltina,PR,36,95.74,80.0,82.73475801680063,-2.734758016800626,False,94.44444444444444,-14.444444444444443,False,0.1726524198319937
753,3141900,Minduri,MG,35,51.89,56.53,72.43138107549096,-15.90138107549096,False,77.14285714285715,-20.612857142857152,False,0.2756861892450903
754,2209302,Santa Luz,PI,34,100.0,80.0,81.0605293376512,-1.0605293376512037,False,55.88235294117647,24.11764705882353,True,0.189394706623488
755,5206602,Cumari,GO,33,76.19,76.76,79.7301064371262,-2.9701064371261907,False,72.72727272727273,4.032727272727271,True,0.2026989356287379
756,2106672,Milagres do Maranhão,MA,33,100.0,80.0,91.35391191138935,-11.353911911389346,False,96.96969696969695,-16.969696969696955,False,0.0864608808861066
757,3134509,Itutinga,MG,32,51.36,56.09,69.75055310403191,-13.660553104031905,False,78.125,-22.034999999999997,False,0.3024944689596809
758,2205359,João Costa,PI,31,51.05,55.82,62.59740153714512,-6.777401537145117,False,96.7741935483871,-40.9541935483871,False,0.3740259846285488
759,3108800,Braúnas,MG,31,72.23,73.45,75.65286150073308,-2.2028615007330785,False,61.29032258064516,12.159677419354843,True,0.2434713849926691
760,3171907,Virgolândia,MG,31,87.28,80.0,80.63338942204818,-0.6333894220481824,False,70.96774193548387,9.032258064516128,True,0.1936661057795181
761,2924108,Pedrão,BA,30,20.72,27.85,30.05312585713451,-2.203125857134509,False,13.33333333333333,14.516666666666671,True,0.6994687414286549
762,3503505,Areias,SP,30,59.5,62.9,63.157578844267604,-0.2575788442676057,False,56.666666666666664,6.233333333333334,True,0.3684242115573239
763,3110400,Camacho,MG,30,91.3,80.0,82.6574877031381,-2.657487703138102,False,86.66666666666667,-6.666666666666671,False,0.1734251229686189
764,2403756,Fernando Pedroza,RN,29,32.84,39.77,48.83789602535408,-9.067896025354074,False,62.06896551724138,-22.298965517241378,False,0.5116210397464592
765,2508406,Lastro,PB,29,20.77,27.9,49.25069047048781,-21.350690470487812,False,82.75862068965517,-54.858620689655176,False,0.5074930952951219
766,2111672,São Roberto,MA,28,48.24,53.44,54.9296178024189,-1.4896178024189055,False,35.71428571428571,17.72571428571429,True,0.4507038219758109
767,3104403,Argirita,MG,28,55.13,59.26,76.27193390281833,-17.011933902818335,False,89.28571428571429,-30.025714285714294,False,0.2372806609718167
768,1713700,Monte Santo do Tocantins,TO,26,29.33,36.45,44.59444382796881,-8.144443827968807,False,46.15384615384615,-9.70384615384615,False,0.5540555617203119
769,2201572,Belém do Piauí,PI,26,100.0,80.0,91.17419770779705,-11.174197707797049,False,100.0,-20.0,False,0.0882580229220295
770,3557154,Zacarias,SP,25,38.33,44.78,52.13533010267659,-7.355330102676589,False,80.0,-35.22,False,0.4786466989732341
771,2203750,Fartura do Piauí,PI,25,36.65,43.27,56.290156056426014,-13.02015605642601,False,52.0,-8.729999999999997,False,0.4370984394357398
772,3159407,Santa Rita de Ibitipoca,MG,25,65.38,67.77,77.23406953035014,-9.464069530350145,False,88.0,-20.230000000000004,False,0.2276593046964986
773,5221304,Três Ranchos,GO,25,79.46,79.54,81.38922565338402,-1.8492256533840106,False,84.0,-4.459999999999994,False,0.1861077434661597
774,3167509,Simão Pereira,MG,24,8.82,14.14,49.18132975339693,-35.04132975339693,False,50.0,-35.86,False,0.5081867024660306
775,3542800,Ribeira,SP,24,62.900005,65.71,66.92079182819187,-1.2107918281918728,False,54.166666666666664,11.54333333333333,True,0.3307920817180811
776,2202075,Cajazeiras do Piauí,PI,24,100.0,80.0,80.16123370814056,-0.16123370814055704,False,75.0,5.0,True,0.1983876629185943
777,5220058,São João da Paraúna,GO,24,87.5,80.0,83.04568764142518,-3.0456876414251752,False,87.5,-7.5,False,0.169543123585748
778,2515005,São Miguel de Taipu,PB,23,10.07,15.729999,44.80326635908482,-29.073267359084824,False,100.0,-84.27000100000001,False,0.5519673364091517
779,5206909,Davinópolis,GO,23,87.08,80.0,81.59113902715687,-1.5911390271568706,False,82.6086956521739,-2.608695652173907,False,0.1840886097284313
780,2209450,Santo Antônio dos Milagres,PI,23,96.15,80.0,83.44670743341113,-3.4467074334111345,False,78.26086956521739,1.7391304347826093,True,0.1655329256658886
781,2501153,Areia de Baraúnas,PB,22,25.0,32.22,43.69012287707763,-11.470122877077628,False,36.36363636363636,-4.143636363636361,False,0.5630987712292237
782,2202091,Caldeirão Grande do Piauí,PI,22,100.0,80.0,91.07126060347028,-11.071260603470279,False,100.0,-20.0,False,0.0892873939652971
783,2406908,Lucrécia,RN,21,4.35,7.94,37.84949649669463,-29.909496496694626,False,42.85714285714285,-34.91714285714285,False,0.6215050350330537
784,3546256,Santa Cruz da Esperança,SP,21,45.93,51.450005,56.62159159270978,-5.1715865927097795,False,42.85714285714285,8.59286214285715,True,0.4337840840729022
785,2204154,Francisco Macedo,PI,21,59.379997,62.799995,63.682339609851034,-0.8823446098510317,False,95.23809523809524,-32.43810023809524,False,0.3631766039014896
786,5214705,Nova América,GO,21,89.9,80.0,83.9415616677002,-3.9415616677001992,False,95.23809523809524,-15.23809523809524,False,0.160584383322998
787,5221577,Uirapuru,GO,18,38.84,45.24,56.23287151396982,-10.992871513969817,False,66.66666666666666,-21.426666666666655,False,0.4376712848603018
788,2101350,Bacurituba,MA,18,88.89,80.0,84.11659357524563,-4.116593575245631,False,100.0,-20.0,False,0.1588340642475436
789,3114907,Casa Grande,MG,17,68.75,70.55,79.38314354948339,-8.833143549483395,False,94.11764705882352,-23.567647058823525,False,0.206168564505166
790,2505303,Curral Velho,PB,16,38.1,44.57,51.63621323495492,-7.0662132349549225,False,62.5,-17.93,False,0.4836378676504508
791,1709807,Ipueiras,TO,14,27.27,34.46,50.50449085637728,-16.04449085637728,False,21.42857142857142,13.031428571428581,True,0.4949550914362272
792,3518008,Guarani d'Oeste,SP,14,94.12,80.0,84.11354604572014,-4.113546045720142,False,57.14285714285714,22.85714285714286,True,0.1588645395427985
793,2408409,Olho-d'Água do Borges,RN,13,24.17,31.390001,40.00800996222028,-8.618008962220276,False,30.76923076923077,0.6207702307692315,True,0.5999199003777973
794,2414753,Venha-Ver,RN,13,41.18,47.31,52.17783359856762,-4.867833598567614,False,53.84615384615385,-6.536153846153844,False,0.4782216640143238
795,3513850,Dirce Reis,SP,13,46.67,52.09,54.32921697057679,-2.239216970576784,False,84.61538461538461,-32.52538461538461,False,0.4567078302942321
796,2509370,Mato Grosso,PB,11,40.0,46.27,51.48472264562829,-5.214722645628285,False,18.18181818181818,28.088181818181823,True,0.4851527735437171
797,5101209,Araguainha,MT,10,22.22,29.4,47.373675303333144,-17.973675303333145,False,100.0,-70.6,False,0.5262632469666686
